TITLE,ALBUM,ARTIST
Back In Black,Back In Black,AC/DC
Dirty Deeds Done Dirt Cheap,Dirty Deeds Done Dirt Cheap,AC/DC
Highway to Hell,Highway to Hell,AC/DC
It's a Long Way to the Top (If You Wanna Rock 'N' Roll),High Voltage,AC/DC
T.N.T.,High Voltage,AC/DC
Thunderstruck,The Razors Edge,AC/DC
Whole Lotta Rosie,Let There Be Rock,AC/DC
You Shook Me All Night Long,Back In Black,AC/DC
Stand and Deliver,Prince Charming,Adam & The Ants
Dream On,Aerosmith,Aerosmith
Dude (Looks Like A Lady),Permanent Vacation,Aerosmith
I Don't Want To Miss A Thing,I Don't Want To Miss A Thing EP,Aerosmith
Janie's Got A Gun,Big Ones,Aerosmith
Rag Doll,Permanent Vacation,Aerosmith
Sweet Emotion,Toys In The Attic,Aerosmith
Forgiven,Jagged Little Pill,Alanis Morissette
Hand in My Pocket,Jagged Little Pill,Alanis Morissette
Ironic,Jagged Little Pill,Alanis Morissette
Not the Doctor,Jagged Little Pill,Alanis Morissette
Right Through You,Jagged Little Pill,Alanis Morissette
Uninvited,The Collection (Standard Edition),Alanis Morissette
You Oughta Know,Jagged Little Pill,Alanis Morissette
Black Velvet,Alannah Myles,Alannah Myles
This Could Be Anywhere in the World,Crisis,Alexisonfire
Feed My Frankenstein,Hey Stoopid,Alice Cooper
Poison,Trash,Alice Cooper
School's Out,School's Out,Alice Cooper
Bleed The Freak,Facelift,Alice In Chains
Down In A Hole,Dirt,Alice In Chains
Man in the Box,Facelift,Alice In Chains
Nutshell,Jar Of Flies,Alice In Chains
Rooster,Dirt,Alice In Chains
Them Bones,Dirt,Alice In Chains
We Die Young,Facelift,Alice In Chains
Would?,Dirt,Alice In Chains
Dirty Little Secret,Move Along,The All-American Rejects
"Swing, Swing",The All-American Rejects,The All-American Rejects
Big in Japan,Forever Young,Alphaville
Forever Young,Forever Young,Alphaville
Open Your Eyes,One Day Remains,Alter Bridge
The Pursuit Of Vikings,Fate of Norns,Amon Amarth
Twilight Of The Thunder God,Twilight Of The Thunder God,Amon Amarth
House of the Rising Sun,The Singles Plus,The Animals
Caught In A Mosh,Among The Living,Anthrax
I Don't Care,Worlds Collide,"Apocalyptica,Adam Gontier"
Nemesis,Doomsday Machine,Arch Enemy
Animals,For Those That Wish To Exist,Architects
Do I Wanna Know?,AM,Arctic Monkeys
I Bet You Look Good On The Dancefloor,"Whatever People Say I Am, That's What I'm Not",Arctic Monkeys
One Armed Scissor,Relationship of Command,At the Drive-In
Be Yourself,Out Of Exile,Audioslave
Cochise,Audioslave,Audioslave
Like a Stone,Audioslave,Audioslave
Bat Country,City of Evil,Avenged Sevenfold
Hail to the King,Hail to the King,Avenged Sevenfold
Shepherd of Fire,Hail to the King,Avenged Sevenfold
Complicated,Let Go,Avril Lavigne
Sk8er Boi,Let Go,Avril Lavigne
Love Shack,Cosmic Thing,The B-52's
Private Idaho,Wild Planet,The B-52's
Spaceman,The Boy With The X-Ray Eyes,Babylon Zoo
21st Century (Digital Boy),Against The Grain,Bad Religion
American Jesus,Recipe For Hate,Bad Religion
Infected,Stranger Than Fiction,Bad Religion
One Week,Stunt,Barenaked Ladies
Sabotage,Ill Communication,Beastie Boys
Back In The U.S.S.R.,The Beatles,The Beatles
Come Together,Abbey Road,The Beatles
Helter Skelter,The Beatles,The Beatles
I Am The Walrus,Magical Mystery Tour,The Beatles
Twist And Shout,Please Please Me,The Beatles
Rockin' the Suburbs,Rockin' The Suburbs,Ben Folds
Flesh For Fantasy,Rebel Yell,Billy Idol
Rebel Yell,Rebel Yell,Billy Idol
White Wedding,Billy Idol,Billy Idol
Fallen Leaves,Billy Talent II,Billy Talent
Try Honesty,Billy Talent,Billy Talent
Army Of Me,Post,Björk
It's Oh So Quiet,Post,Björk
Play Dead,Greatest Hits,"Björk,David Arnold"
Hard To Handle,Shake Your Money Maker,The Black Crowes
Nervous Breakdown,Nervous Breakdown,Black Flag
Stillborn,The Blessed Hellride,Black Label Society
Changes,Vol. 4,Black Sabbath
Children of the Grave,Master of Reality,Black Sabbath
Heaven and Hell,Heaven & Hell,Black Sabbath
Iron Man,Paranoid,Black Sabbath
N.I.B.,Black Sabbath,Black Sabbath
Paranoid,Paranoid,Black Sabbath
Snowblind,Vol. 4,Black Sabbath
War Pigs,Paranoid,Black Sabbath
White Trash Millionaire,Between the Devil & the Deep Blue Sea,Black Stone Cherry
The Bard's Song,Somewhere Far Beyond,Blind Guardian
Adam's Song,Enema Of The State,blink-182
All The Small Things,Enema Of The State,blink-182
Feeling This,blink-182,blink-182
I Miss You,blink-182,blink-182
The Rock Show,Take Off Your Pants And Jacket,blink-182
What's My Age Again?,Enema Of The State,blink-182
Call Me,Atomic/Atomix,Blondie
Call Me,Atomic/Atomix,Blondie
Hanging On The Telephone,Parallel Lines,Blondie
Heart Of Glass,Best Of Blondie,Blondie
One Way Or Another,Parallel Lines,Blondie
Foxtrot Uniform Charlie Kilo,Hefty Fine,Bloodhound Gang
The Bad Touch,Hooray For Boobies,Bloodhound Gang
The Ballad Of Chasey Lain,Hooray For Boobies,Bloodhound Gang
(Don't Fear) The Reaper,Agents Of Fortune,Blue Öyster Cult
Beetlebum,Blur,Blur
Coffee & TV,13,Blur
Parklife,Parklife,Blur
Song 2,Blur,Blur
Always,Cross Road,Bon Jovi
Bad Medicine,New Jersey,Bon Jovi
Livin' On A Prayer,Slippery When Wet,Bon Jovi
Runaway,Bon Jovi,Bon Jovi
Wanted Dead Or Alive,Slippery When Wet,Bon Jovi
You Give Love A Bad Name,Slippery When Wet,Bon Jovi
Amanda,Third Stage,Boston
More Than a Feeling,Boston,Boston
Girl All the Bad Guys Want,Drunk Enough To Dance,Bowling For Soup
So Cold,We Are Not Alone,Breaking Benjamin
The Diary of Jane,Phobia (Clean Version),Breaking Benjamin
Cannonball,Last Splash,The Breeders
Drown,That's The Spirit,Bring Me The Horizon
Throne,That's The Spirit,Bring Me The Horizon
Kingslayer (feat. BABYMETAL),POST HUMAN: SURVIVAL HORROR,"Bring Me The Horizon,BABYMETAL"
Smalltown Boy,The Age of Consent,Bronski Beat
Born to Run,Born To Run,Bruce Springsteen
Dancing In the Dark,Born In The U.S.A.,Bruce Springsteen
All These Things I Hate (Revolve Around Me),The Poison,Bullet For My Valentine
Tears Don't Fall,The Poison,Bullet For My Valentine
Your Betrayal,Fever,Bullet For My Valentine
Everything Zen,Sixteen Stone,Bush
Machinehead,Sixteen Stone,Bush
The Chemicals Between Us,The Science Of Things,Bush
Ever Fallen in Love (With Someone You Shouldn't've?),Love Bites,Buzzcocks
I Will Survive,Fashion Nugget,CAKE
The Distance,Fashion Nugget,CAKE
Hammer Smashed Face,Tomb Of The Mutilated,Cannibal Corpse
Just Like The Movies,Just Like The Movies,Cars in Drive
I Want You to Want Me,In Color,Cheap Trick
Surrender,Heaven Tonight,Cheap Trick
The Red,Wonder What's Next (Expanded Edition),Chevelle
Are You Dead Yet?,Are You Dead Yet?,Children Of Bodom
You Know My Name,Carry On,Chris Cornell
Wicked Game,Heart Shaped World,Chris Isaak
I Fought the Law,The Cost of Living - EP,The Clash
London Calling,London Calling,The Clash
Rock the Casbah,Combat Rock,The Clash
Should I Stay or Should I Go,Combat Rock,The Clash
Train in Vain (Stand by Me),London Calling,The Clash
Electric Worry,From Beale Street to Oblivion,Clutch
The Mob Goes Wild,Blast Tyrant,Clutch
Loco,Coal Chamber,Coal Chamber
Heaven or Las Vegas,Heaven or Las Vegas,Cocteau Twins
Welcome Home,Good Apollo I'm Burning Star IV Volume One: From Fear Through The Eyes Of Madness,Coheed and Cambria
Clean My Wounds,Deliverance,Corrosion Of Conformity
Nymphetamine Fix,Nymphetamine Special Edition,Cradle Of Filth
Goo Goo Muck,Psychedelic Jungle,The Cramps
Human Fly,Off The Bone,The Cramps
Zombie,No Need To Argue (The Complete Sessions 1994-1995),The Cranberries
Sunshine Of Your Love,Disraeli Gears,Cream
My Sacrifice,Weathered,Creed
With Arms Wide Open,Human Clay,Creed
Fire Woman,Sonic Temple,The Cult
Rain,Love,The Cult
She Sells Sanctuary,Love,The Cult
A Night Like This,The Head On The Door,The Cure
Boys Don't Cry,Three Imaginary Boys,The Cure
Close To Me,The Head On The Door,The Cure
Fascination Street,Disintegration,The Cure
Friday I'm In Love,Wish,The Cure
In Between Days,Show,The Cure
Just Like Heaven,"Kiss Me, Kiss Me, Kiss Me",The Cure
Lovesong,Disintegration,The Cure
Lullaby,Disintegration,The Cure
The Lovecats,Japanese Whispers,The Cure
The Walk,Japanese Whispers,The Cure
(I Just) Died In Your Arms,Broadcast,Cutting Crew
New Rose,Damned Damned Damned (30th Anniversary Expanded Edition),The Damned
Her Black Wings,Danzig II: Lucifuge,Danzig
I'm The One,Danzig II: Lucifuge,Danzig
Long Way Back From Hell,Danzig II: Lucifuge,Danzig
Mother,Danzig,Danzig
Twist Of Cain,Danzig,Danzig
Growing on Me,Permission to Land,The Darkness
I Believe in a Thing Called Love,Permission to Land,The Darkness
Ashes to Ashes,Scary Monsters (And Super Creeps) [2017 Remaster],David Bowie
Heroes,Heroes (2017 Remaster),David Bowie
Let's Dance,Let's Dance (2018 Remaster),David Bowie
Life on Mars?,Hunky Dory,David Bowie
If It Means A Lot To You,Homesick,A Day To Remember
California Uber Alles,Give Me Convenience or Give Me Death,Dead Kennedys
Holiday in Cambodia,Fresh Fruit For Rotting Vegetables (Expanded Edition),Dead Kennedys
Too Drunk To Fuck,Fresh Fruit For Rotting Vegetables (Expanded Edition),Dead Kennedys
Hush,Shades of Deep Purple,Deep Purple
Smoke On The Water,Machine Head,Deep Purple
Animal,Hysteria,Def Leppard
Photograph,Pyromania,Def Leppard
Pour Some Sugar On Me,Hysteria (Super Deluxe),Def Leppard
Be Quiet and Drive (Far Away),Around the Fur,Deftones
Bored,Adrenaline,Deftones
Change (In the House of Flies),White Pony,Deftones
Digital Bath,White Pony,Deftones
Knife Prty,White Pony,Deftones
My Own Summer (Shove It),Around the Fur,Deftones
Passenger,White Pony,Deftones
Sextape,Diamond Eyes,Deftones
Enjoy the Silence,Violator | The 12 Singles,Depeche Mode
Ghosts Again,Memento Mori,Depeche Mode
I Feel You,Songs of Faith and Devotion (Deluxe),Depeche Mode
It's No Good,Ultra (Deluxe),Depeche Mode
Just Can't Get Enough,Speak and Spell (Deluxe),Depeche Mode
Never Let Me Down Again,Music for the Masses (Deluxe),Depeche Mode
Personal Jesus,The Singles 86-98,Depeche Mode
Policy of Truth,Violator (Deluxe),Depeche Mode
Strangelove,The Singles 86-98,Depeche Mode
Stripped,Black Celebration (Deluxe),Depeche Mode
Whip It,Oh No It's Devo / Freedom Of Choice,DEVO
Holy Diver,Holy Diver,Dio
Rainbow In The Dark,Holy Diver,Dio
City Of Angels,Sing Sing Death House,The Distillers
Down with the Sickness,The Sickness,Disturbed
Stricken,Ten Thousand Fists,Disturbed
The Game,The Sickness,Disturbed
Into The Fire,Tooth and Nail,Dokken
Break on Through (To the Other Side),The Doors,The Doors
Light My Fire,The Doors,The Doors
Riders on the Storm,L.A. Woman,The Doors
Roadhouse Blues,Morrison Hotel,The Doors
I'm Shipping Up To Boston,The Warrior's Code,Dropkick Murphys
Bodies,Sinner,Drowning Pool
Tear Away,Sinner,Drowning Pool
A View to a Kill,Decade,Duran Duran
Hungry Like the Wolf,Rio (Collector's Edition),Duran Duran
Is There Something I Should Know?,Greatest,Duran Duran
Ordinary World,Duran Duran,Duran Duran
Planet Earth,Duran Duran,Duran Duran
The Wild Boys,Greatest,Duran Duran
The Killing Moon,Ocean Rain (Expanded; 2007 Remaster),Echo & the Bunnymen
The Last Crusade - A New Age Dawns 1,Consign To Oblivion (Expanded Edition),Epica
Situations,Dying Is Your Latest Fashion,Escape the Fate
The Final Countdown,The Final Countdown (Expanded Edition),Europe
Missionary Man,Revenge,"Eurythmics,Annie Lennox,Dave Stewart"
Sweet Dreams (Are Made of This),Sweet Dreams (Are Made Of This),"Eurythmics,Annie Lennox,Dave Stewart"
Bring Me To Life,Fallen,Evanescence
Call Me When You're Sober,The Open Door,Evanescence
Going Under,Fallen,Evanescence
Lithium,The Open Door,Evanescence
My Immortal,Fallen,Evanescence
More Than Words,Extreme II - Pornograffitti,Extreme
Ashes to Ashes,Album of the Year (2016 Remaster; Deluxe Edition),Faith No More
Easy,Angel Dust,Faith No More
Epic,The Real Thing,Faith No More
Falling to Pieces,The Real Thing,Faith No More
I Started a Joke - Digging the Grave,"King for a Day, Fool for a Lifetime (2016 Remaster; Deluxe Edition)",Faith No More
Last Cup of Sorrow,Album of the Year (2016 Remaster; Deluxe Edition),Faith No More
Midlife Crisis,Angel Dust,Faith No More
Surprise! You're Dead!,The Real Thing,Faith No More
We Care a Lot,Introduce Yourself,Faith No More
"A Little Less Sixteen Candles, A Little More Touch Me",From Under The Cork Tree,Fall Out Boy
"Dance, Dance",From Under The Cork Tree,Fall Out Boy
"Sugar, We're Goin Down",From Under The Cork Tree,Fall Out Boy
"The Take Over, The Breaks Over",Infinity On High,Fall Out Boy
"This Ain't A Scene, It's An Arms Race",Infinity On High,Fall Out Boy
Thnks fr th Mmrs,Infinity On High,Fall Out Boy
Buck Rogers,Echo Park,Feeder
"Hey Man, Nice Shot - Remastered Version",Short Bus,Filter
Bad Company,War is the Answer,Five Finger Death Punch
Far From Home,War is the Answer,Five Finger Death Punch
Under and Over It,American Capitalist (Deluxe),Five Finger Death Punch
Go Your Own Way,Rumours,Fleetwood Mac
The Chain,Rumours (Super Deluxe),Fleetwood Mac
I Ran (So Far Away),A Flock Of Seagulls,A Flock Of Seagulls
All My Life,One By One (Expanded Edition),Foo Fighters
Best of You,In Your Honor,Foo Fighters
Big Me,Foo Fighters,Foo Fighters
Breakout,There Is Nothing Left To Lose,Foo Fighters
Everlong,The Colour And The Shape,Foo Fighters
I'll Stick Around,Foo Fighters,Foo Fighters
Learn to Fly,There Is Nothing Left To Lose,Foo Fighters
Monkey Wrench,The Colour And The Shape,Foo Fighters
My Hero,The Colour And The Shape,Foo Fighters
The Pretender,"Echoes, Silence, Patience & Grace",Foo Fighters
This Is a Call,Foo Fighters,Foo Fighters
Times Like These,One By One (Expanded Edition),Foo Fighters
Cold as Ice,Foreigner (Expanded),Foreigner
I Want to Know What Love Is,Agent Provocateur,Foreigner
Juke Box Hero,4 (Expanded),Foreigner
Urgent,Renegades & Juke Box Heroes (Live),Foreigner
Far From Over,Frank Stallone,Frank Stallone
Hemorrhage (In My Hands),Something Like Human,Fuel
Waiting Room,13 Songs,Fugazi
I Think I'm Paranoid,Version 2.0 (20th Anniversary Deluxe Edition),Garbage
Only Happy When It Rains,Garbage (20th Anniversary Super Deluxe Edition),Garbage
Push It,Version 2.0 (20th Anniversary Deluxe Edition),Garbage
Queer,Garbage (20th Anniversary Super Deluxe Edition),Garbage
Stupid Girl,Garbage (20th Anniversary Super Deluxe Edition),Garbage
Out In The Fields,Run For Cover,"Gary Moore,Phil Lynott"
Cars,The Pleasure Principle,Gary Numan
Are 'Friends' Electric?,Replicas Redux,"Gary Numan,Tubeway Army"
Bad To The Bone,BAD TO THE BONE,George Thorogood & The Destroyers
Call Me Little Sunshine,IMPERA,Ghost
Cirice,Meliora,Ghost
Dance Macabre,Prequelle,Ghost
Faith,Prequelle,Ghost
From The Pinnacle To The Pit,Meliora,Ghost
He Is,Meliora,Ghost
Hunter’s Moon,IMPERA,Ghost
Kiss The Go-Goat,Seven Inches Of Satanic Panic,Ghost
Life Eternal,Prequelle,Ghost
Mary On A Cross,Seven Inches Of Satanic Panic,Ghost
Pro Memoria,Prequelle,Ghost
Rats,Prequelle,Ghost
Square Hammer,Meliora,Ghost
Watcher In The Sky,IMPERA,Ghost
Year Zero,Infestissumam,Ghost
99 Red Balloons,Stomping Ground,Goldfinger
Lifestyles of the Rich & Famous,The Young and The Hopeless,Good Charlotte
21 Guns,21st Century Breakdown,Green Day
American Idiot,American Idiot,Green Day
Basket Case,Dookie,Green Day
Boulevard of Broken Dreams,Boulevard of Broken Dreams,Green Day
Brain Stew,Insomniac,Green Day
Good Riddance (Time of Your Life),Nimrod,Green Day
Hitchin' a Ride,Nimrod,Green Day
Holiday,Holiday,Green Day
Longview,Dookie,Green Day
Welcome to Paradise,Dookie,Green Day
When I Come Around,Dookie,Green Day
Don't Cry,Use Your Illusion I,Guns N' Roses
It's So Easy,Appetite For Destruction,Guns N' Roses
Mr. Brownstone,Appetite For Destruction,Guns N' Roses
Nightrain,Appetite For Destruction,Guns N' Roses
Paradise City,Appetite For Destruction,Guns N' Roses
Sweet Child O' Mine,Appetite For Destruction,Guns N' Roses
Welcome To The Jungle,Appetite For Destruction,Guns N' Roses
You Could Be Mine,Use Your Illusion II,Guns N' Roses
Familiar Taste of Poison,Halestorm (Deluxe),Halestorm
Here's to Us,The Strange Case of...,Halestorm
I Get Off,Halestorm (Deluxe),Halestorm
I Miss the Misery,The Strange Case of...,Halestorm
Love Bites (So Do I),The Strange Case of...,Halestorm
Beating Heart Baby,Decadence,Head Automatica
Alone,Bad Animals,Heart
Barracuda,Little Queen,Heart
Unsung,Meantime,Helmet
Join Me In Death,Uneasy Listening Vol.1,HIM
Wings of a Butterfly,Dark Light,HIM
Painted On My Heart,"A Tribute to the Rock 'N' Roll Allstars: Kiss, Guns N' Roses, Deep Purple and More, Vol. 1",The Hit Co.
Main Offender,Veni Vidi Vicious,The Hives
Celebrity Skin,Celebrity Skin,Hole
Doll Parts,Live Through This,Hole
Malibu,Celebrity Skin,Hole
Violet,Live Through This,Hole
Crawling In The Dark,Hoobastank,Hoobastank
The Reason,The Reason (20th Anniversary),Hoobastank
Hit Me With Your Rhythm Stick,Sex & Drugs & Rock & Roll,"Ian Dury,The Blockheads"
Never Fight A Man With A Perm,Joy as an Act of Resistance.,IDLES
The Passenger,Lust For Life,Iggy Pop
Radioactive,Night Visions,Imagine Dragons
Drive,Make Yourself,Incubus
The Warmth,Make Yourself,Incubus
Wish You Were Here,Morning View,Incubus
Devil Inside,Kick (Remastered 2011),INXS
Mystify,Kick (Remastered 2011),INXS
Need You Tonight,Kick (Remastered 2011),INXS
Never Tear Us Apart,Kick (Remastered 2011),INXS
Suicide Blonde,X,INXS
Aces High,Powerslave,Iron Maiden
Bring Your Daughter... to the Slaughter,No Prayer for the Dying,Iron Maiden
Can I Play with Madness,Seventh Son of a Seventh Son,Iron Maiden
Run to the Hills,The Number of the Beast,Iron Maiden
The Evil That Men Do,Seventh Son of a Seventh Son,Iron Maiden
The Trooper,Piece of Mind,Iron Maiden
The Wicker Man,Brave New World,Iron Maiden
Wasted Years,Somewhere in Time,Iron Maiden
Wrathchild,Killers,Iron Maiden
Been Caught Stealing,Ritual De Lo Habitual,Jane's Addiction
Mountain Song,Nothing's Shocking,Jane's Addiction
Stop!,Ritual De Lo Habitual,Jane's Addiction
Piece of My Heart,Flash Back Internacional,Janis Joplin
Forget Her,Grace,Jeff Buckley
"Lover, You Should've Come Over",Grace,Jeff Buckley
Somebody to Love,Surrealistic Pillow,Jefferson Airplane
White Rabbit,Surrealistic Pillow,Jefferson Airplane
Are You Gonna Be My Girl,Get Born,Jet
All Along the Watchtower,Electric Ladyland,Jimi Hendrix
Crosstown Traffic,Electric Ladyland,Jimi Hendrix
Fire,Are You Experienced,Jimi Hendrix
Foxey Lady,Experience Hendrix: The Best Of Jimi Hendrix,Jimi Hendrix
Hey Joe,Are You Experienced,Jimi Hendrix
Purple Haze,Are You Experienced,Jimi Hendrix
Pain,Futures,Jimmy Eat World
Sweetness,Bleed American,Jimmy Eat World
The Middle,Bleed American,Jimmy Eat World
A Praise Chorus,Bleed American,"Jimmy Eat World,Davey Vonbohlen"
Bad Reputation,Bad Reputation (Expanded Edition),Joan Jett & the Blackhearts
I Hate Myself for Loving You,Up Your Alley,Joan Jett & the Blackhearts
I Love Rock 'N Roll,I Love Rock 'N' Roll (Expanded Edition),Joan Jett & the Blackhearts
Crimson and Clover,Live New York '82,"Joan Jett & the Blackhearts,the Blackhearts"
Summer in the City,Have a Little Faith,Joe Cocker
Blaze Of Glory - From Young Guns II Soundtrack,Blaze Of Glory,Jon Bon Jovi
Any Way You Want It,Departure,Journey
Don't Stop Believin',Escape,Journey
Separate Ways (Worlds Apart),Frontiers (2023 Remaster),Journey
Disorder,Unknown Pleasures (Collector's Edition),Joy Division
Love Will Tear Us Apart,Love Will Tear Us Apart,Joy Division
She's Lost Control,Unknown Pleasures (Collector's Edition),Joy Division
Transmission,Transmission,Joy Division
Breaking the Law,British Steel,Judas Priest
Living After Midnight,British Steel,Judas Priest
Turbo Lover,Turbo 30,Judas Priest
You've Got Another Thing Coming,Screaming For Vengeance (Expanded Edition),Judas Priest
Babooshka,Never for Ever (2018 Remaster),Kate Bush
Running Up That Hill (A Deal With God),Hounds Of Love,Kate Bush
Nightcall,Nightcall,Kavinsky
My Curse,As Daylight Dies,Killswitch Engage
My Last Serenade,Alive or Just Breathing (Topshelf Edition),Killswitch Engage
The End of Heartache,The End of Heartache,Killswitch Engage
When Darkness Falls,The End of Heartache,Killswitch Engage
Closer,Only By The Night,Kings of Leon
Sex on Fire,Only By The Night,Kings of Leon
All Day and All of the Night,Kinks,The Kinks
Lola,"Lola Versus Powerman and the Moneygoround, Pt. 1",The Kinks
You Really Got Me,Kinks,The Kinks
Crazy Crazy Nights,Crazy Nights,KISS
Detroit Rock City,Double Platinum,KISS
God Gave Rock 'N' Roll To You II,Revenge,KISS
I Was Made For Lovin' You,Dynasty,KISS
Lick It Up,Lick It Up,KISS
Love Gun,Love Gun,KISS
Rock And Roll All Nite,Dressed To Kill,KISS
Strutter,Kiss,KISS
Blind,Korn,Korn
Coming Undone,See You On the Other Side,Korn
Falling Away from Me,Issues,Korn
Freak On a Leash,Follow The Leader,Korn
Got the Life,Follow The Leader,Korn
Here To Stay,Untouchables,Korn
Twisted Transistor,See You On the Other Side,Korn
Word Up!,Word Up! (The Remixes),Korn
Y'all Want a Single,Take A Look In The Mirror,Korn
Pretend We're Dead,Bricks Are Heavy,L7
Shitlist,Bricks Are Heavy,L7
Heaven's a Lie,Comalies,Lacuna Coil
Our Truth,Karmacode,Lacuna Coil
Swamped,Comalies,Lacuna Coil
Laid to Rest,Ashes of the Wake (15th Anniversary),Lamb of God
Now You've Got Something to Die For,Ashes of the Wake (15th Anniversary),Lamb of God
Omerta,Ashes of the Wake (15th Anniversary),Lamb of God
Redneck,Sacrament (15th Anniversary Edition),Lamb of God
Immigrant Song,Led Zeppelin III (Remaster),Led Zeppelin
Rock and Roll,Led Zeppelin IV,Led Zeppelin
Whole Lotta Love - 1990 Remaster,Led Zeppelin II (1994 Remaster),Led Zeppelin
Steal My Sunshine,You Can't Stop The Bum Rush,LEN
Always On The Run,Mama Said,Lenny Kravitz
American Woman,5,Lenny Kravitz
Are You Gonna Go My Way,Are You Gonna Go My Way,Lenny Kravitz
All My Best Friends Are Metalheads,Hello Rockview,Less Than Jake
Break Stuff,Significant Other,Limp Bizkit
Eat You Alive,Results May Vary,Limp Bizkit
Faith,"Three Dollar Bill, Y'all $",Limp Bizkit
My Generation,Chocolate Starfish And The Hot Dog Flavored Water,Limp Bizkit
My Way,Chocolate Starfish And The Hot Dog Flavored Water,Limp Bizkit
Nookie,Significant Other,Limp Bizkit
Rollin' (Air Raid Vehicle),Chocolate Starfish And The Hot Dog Flavored Water,Limp Bizkit
Take A Look Around,Chocolate Starfish And The Hot Dog Flavored Water,Limp Bizkit
Bleed It Out,Minutes to Midnight,Linkin Park
Breaking the Habit,Meteora (Bonus Edition),Linkin Park
Crawling,Hybrid Theory (Bonus Edition),Linkin Park
Faint,Meteora,Linkin Park
Given Up,Minutes to Midnight,Linkin Park
In the End,Hybrid Theory (Bonus Edition),Linkin Park
Numb,Meteora,Linkin Park
One Step Closer,Hybrid Theory (Bonus Edition),Linkin Park
Papercut,Hybrid Theory (Bonus Edition),Linkin Park
Points of Authority,Hybrid Theory (Bonus Edition),Linkin Park
Somewhere I Belong,Meteora (Bonus Edition),Linkin Park
What I've Done,Minutes to Midnight,Linkin Park
With You,Hybrid Theory (Bonus Edition),Linkin Park
My Own Worst Enemy,A Place In The Sun,Lit
Cult of Personality (2023 Remaster),Vivid (2023 Remaster),Living Colour
Free Bird,Pronounced' Leh-'Nerd 'Skin-'Nerd,Lynyrd Skynyrd
Gimme Three Steps,Pronounced' Leh-'Nerd 'Skin-'Nerd,Lynyrd Skynyrd
Sweet Home Alabama,Second Helping (Expanded Edition),Lynyrd Skynyrd
Davidian,Burn My Eyes,Machine Head
Baggy Trousers,Absolutely,Madness
One Step Beyond,One Step Beyond (35th Anniversary),Madness
Warriors of the World United,Warriors of the World,Manowar
Sex & Candy,Marcy Playground,Marcy Playground
I Don't Like The Drugs (But The Drugs Like Me),Mechanical Animals,Marilyn Manson
mOBSCENE,The Golden Age Of Grotesque,Marilyn Manson
Rock Is Dead,Mechanical Animals,Marilyn Manson
The Beautiful People,Antichrist Superstar,Marilyn Manson
The Dope Show,Mechanical Animals,Marilyn Manson
This Is The New Shit,The Golden Age Of Grotesque,Marilyn Manson
Tourniquet,Antichrist Superstar,Marilyn Manson
The Widow,Frances the Mute,The Mars Volta
Blood and Thunder,Leviathan,Mastodon
I'd Do Anything For Love (But I Won't Do That),Bat Out Of Hell II: Back Into Hell (Deluxe),Meat Loaf
Paradise By the Dashboard Light,Bat Out Of Hell,Meat Loaf
Dead Ringer for Love (with Cher),Dead Ringer,"Meat Loaf,Cher"
A Tout Le Monde,Youthanasia (Expanded Edition - Remastered),Megadeth
Angry Again,Hidden Treasures,Megadeth
Hangar 18,Rust In Peace (2004 Remix / Expanded Edition),Megadeth
Holy Wars...The Punishment Due,Rust In Peace (2004 Remix / Expanded Edition),Megadeth
No More Mr. Nice Guy,Hidden Treasures,Megadeth
Peace Sells,Peace Sells...But Who's Buying? (Expanded Edition - Remastered),Megadeth
Reckoning Day,Youthanasia (Expanded Edition - Remastered),Megadeth
Symphony Of Destruction,Countdown To Extinction (Expanded Edition - Remastered),Megadeth
Tornado Of Souls,Rust In Peace (2004 Remix / Expanded Edition),Megadeth
Battery,Master Of Puppets,Metallica
Enter Sandman,Metallica,Metallica
For Whom The Bell Tolls,Ride The Lightning (Deluxe / Remastered),Metallica
Fuel,Reload,Metallica
I Disappear,I Disappear,Metallica
No Leaf Clover,S&M,Metallica
Nothing Else Matters,Metallica,Metallica
Sad But True,Metallica,Metallica
So What,Garage Inc.,Metallica
Until It Sleeps,Load,Metallica
The Memory Remains,Reload,"Metallica,Marianne Faithfull"
Jesus Built My Hotrod,KE*A*H** (Psalm 69),Ministry
N.W.O.,KE*A*H** (Psalm 69),Ministry
What About Us?,Greatest Fits,Ministry
"Die, Die My Darling","Earth A.D. / Die, Die My Darling",Misfits
Dig Up Her Bones,American Psycho,Misfits
Helena,Famous Monsters,Misfits
Hybrid Moments,The Misfits Box Set,Misfits
Last Caress,The Misfits Box Set,Misfits
Saturday Night,Famous Monsters,Misfits
Astro Zombies,Collection,"Misfits,Glenn Danzig"
Skulls,Collection,"Misfits,Glenn Danzig"
Where Eagles Dare,Collection,"Misfits,Glenn Danzig"
Suedehead,Viva Hate,Morrissey
You Have Killed Me,Ringleader of the Tormentors,Morrissey
Another Life,Disguise,Motionless In White
"Girls, Girls, Girls","Girls, Girls, Girls",Mötley Crüe
Home Sweet Home,Theatre of Pain,Mötley Crüe
Kickstart My Heart,Dr. Feelgood,Mötley Crüe
Live Wire,Too Fast For Love,Mötley Crüe
Looks That Kill,Shout At The Devil,Mötley Crüe
Same Ol' Situation (S.O.S.),Dr. Feelgood (40th Anniversary;2021 - Remaster),Mötley Crüe
Shout at the Devil,Shout At The Devil,Mötley Crüe
Smokin' In The Boys Room,Theatre of Pain (40th Anniversary; 2021 - Remaster),Mötley Crüe
Too Young to Fall in Love,Shout At The Devil,Mötley Crüe
Ace of Spades,Ace of Spades (Expanded Edition),Motörhead
Killed by Death,All the Aces,Motörhead
Overkill,Overkill (Expanded Edition),Motörhead
Born For The Game,HBN ENT Presents: Lit Mode,"Motorhead2x,Project Pat"
Pink Cigarette,California,Mr. Bungle
Dig,L.D. 50,Mudvayne
Happy?,Lost and Found,Mudvayne
Not Falling,The End Of All Things To Come,Mudvayne
Feeling Good,Origin of Symmetry,Muse
Hysteria,Absolution,Muse
New Born,Origin of Symmetry,Muse
Plug in Baby,Origin of Symmetry,Muse
Stockholm Syndrome,Absolution,Muse
Sunburn,Showbiz,Muse
Supermassive Black Hole,Black Holes and Revelations,Muse
Time is Running Out,Absolution,Muse
Undisclosed Desires,The Resistance,Muse
Uprising,The Resistance,Muse
Dead!,The Black Parade,My Chemical Romance
Helena,Three Cheers for Sweet Revenge,My Chemical Romance
House of Wolves,The Black Parade,My Chemical Romance
I Don't Love You,The Black Parade,My Chemical Romance
I'm Not Okay (I Promise),Three Cheers for Sweet Revenge,My Chemical Romance
Na Na Na (Na Na Na Na Na Na Na Na Na),Danger Days: The True Lives of the Fabulous Killjoys,My Chemical Romance
Teenagers,The Black Parade,My Chemical Romance
Thank You for the Venom,Three Cheers for Sweet Revenge,My Chemical Romance
The Ghost of You,Three Cheers for Sweet Revenge,My Chemical Romance
Welcome to the Black Parade,The Black Parade,My Chemical Romance
You Know What They Do to Guys Like Us in Prison,Three Cheers for Sweet Revenge,My Chemical Romance
Bizarre Love Triangle,Brotherhood (Collector's Edition),New Order
Blue Monday,Substance,New Order
True Faith,Substance,New Order
How You Remind Me,Silver Side Up,Nickelback
Photograph,All the Right Reasons,Nickelback
Rockstar,All the Right Reasons (Walmart Exclusive Edition),Nickelback
Nemo,Once,Nightwish
Sleeping Sun,Oceanborn,Nightwish
The Phantom Of The Opera,Century Child,Nightwish
Wish I Had an Angel,Once,Nightwish
Closer,The Downward Spiral,Nine Inch Nails
Head Like A Hole,Pretty Hate Machine,Nine Inch Nails
March Of The Pigs,The Downward Spiral,Nine Inch Nails
Sin,Pretty Hate Machine,Nine Inch Nails
The Hand That Feeds,With Teeth (Bonus Tracks),Nine Inch Nails
The Perfect Drug,Lost Highway,Nine Inch Nails
Wish,Broken,Nine Inch Nails
All Apologies,In Utero,Nirvana
Breed,Nevermind,Nirvana
Come As You Are,Nevermind,Nirvana
Drain You,Nevermind,Nirvana
Dumb,In Utero,Nirvana
Heart-Shaped Box,In Utero,Nirvana
In Bloom,Nevermind,Nirvana
Lithium,Nevermind,Nirvana
Lounge Act,Nevermind,Nirvana
Love Buzz,Bleach,Nirvana
Negative Creep,Bleach,Nirvana
On A Plain,Nevermind,Nirvana
Rape Me,In Utero,Nirvana
Sliver,Incesticide,Nirvana
Smells Like Teen Spirit,Nevermind,Nirvana
Territorial Pissings,Nevermind,Nirvana
You Know You're Right,Nirvana,Nirvana
Don't Speak,Tragic Kingdom,No Doubt
Hella Good,Rock Steady (Expanded Edition),No Doubt
Just A Girl,Tragic Kingdom,No Doubt
Spiderwebs,Tragic Kingdom,No Doubt
Linoleum,Punk In Drublic,NOFX
Come Out and Play,Smash,The Offspring
Pretty Fly (For A White Guy),ドライブが楽しくなる洋楽ヒッツ！90年代 ROCK,The Offspring
Self Esteem,Smash,The Offspring
The Kids Aren't Alright,Americana,The Offspring
Want You Bad,Conspiracy Of One,The Offspring
Why Don't You Get A Job,Americana,The Offspring
Dead Man's Party,Dead Man's Party,Oingo Boingo
No One Lives Forever,Dead Man's Party,Oingo Boingo
Crazy Train,Blizzard Of Ozz (40th Anniversary Expanded Edition),Ozzy Osbourne
I Don't Know,Blizzard Of Ozz (40th Anniversary Expanded Edition),Ozzy Osbourne
"Mama, I'm Coming Home",No More Tears (Expanded Edition),Ozzy Osbourne
No More Tears,No More Tears (Expanded Edition),Ozzy Osbourne
Shot in the Dark,The Ultimate Sin,Ozzy Osbourne
Alive,Satellite (U.S. Version),P.O.D.
Youth of the Nation,Satellite (U.S. Version),P.O.D.
High Hopes,Pray for the Wicked,Panic! At The Disco
House of Memories,Death of a Bachelor,Panic! At The Disco
I Write Sins Not Tragedies,A Fever You Can't Sweat Out,Panic! At The Disco
5 Minutes Alone,Far Beyond Driven,Pantera
Cowboys from Hell,Cowboys from Hell,Pantera
Domination,Cowboys from Hell,Pantera
Fucking Hostile,Vulgar Display of Power (Expanded),Pantera
Hollow,Vulgar Display of Power,Pantera
I'm Broken,Far Beyond Driven,Pantera
Mouth for War,Vulgar Display of Power,Pantera
This Love,Vulgar Display of Power,Pantera
Walk,Vulgar Display of Power,Pantera
Between Angels And Insects,Infest,Papa Roach
Last Resort,Infest,Papa Roach
Scars,Getting Away With Murder,Papa Roach
All I Wanted,Brand New Eyes,Paramore
Brick by Boring Brick,Brand New Eyes,Paramore
crushcrushcrush,Riot!,Paramore
Decode,Brand New Eyes,Paramore
Ignorance,Brand New Eyes,Paramore
Misery Business,Riot!,Paramore
Still into You,Paramore,Paramore
That's What You Get,Riot!,Paramore
The Only Exception,Brand New Eyes,Paramore
Alive,Ten,Pearl Jam
Better Man,Vitalogy,Pearl Jam
Even Flow,Ten,Pearl Jam
Judith,Mer De Noms,A Perfect Circle
Passive,eMOTIVe,A Perfect Circle
Pet,Thirteenth Step,A Perfect Circle
The Outsider,Thirteenth Step,A Perfect Circle
Digging In The Dirt,Us,Peter Gabriel
Shock The Monkey,Peter Gabriel 4: Security,Peter Gabriel
Cuts You Up,Deep,Peter Murphy
Another Brick In The Wall (Part 2),Pulse,Pink Floyd
Wish You Were Here,A Collection Of Great Dance Songs,Pink Floyd
Debaser,Doolittle,Pixies
Gigantic,Surfer Rosa (2007 Remaster),Pixies
Here Comes Your Man,Doolittle,Pixies
Hey,Doolittle,Pixies
Monkey Gone to Heaven,Doolittle,Pixies
Wave Of Mutilation,Doolittle,Pixies
Where Is My Mind?,Surfer Rosa (2007 Remaster),Pixies
Down By The Water,To Bring You My Love,PJ Harvey
Every You Every Me,Without You I'm Nothing,Placebo
Nancy Boy,Placebo,Placebo
Pure Morning,Without You I'm Nothing,Placebo
Running Up That Hill,Covers,Placebo
The Bitter End,Sleeping With Ghosts,Placebo
Meds,Meds,"Placebo,Alison Mosshart"
Every Rose Has Its Thorn,Open Up And Say...Ahh!,Poison
Talk Dirty To Me,Look What The Cat Dragged In - 20th Anniversary Edition,Poison
Unskinny Bop,Flesh & Blood,Poison
Your Mama Don't Dance,Open Up And Say...Ahh!,Poison
Can't Stand Losing You,Outlandos D'Amour (Remastered 2003),The Police
Message In A Bottle,Reggatta De Blanc (Remastered 2003),The Police
Glory Box,Dummy,Portishead
Sour Times,Dummy,Portishead
Lump,The Presidents of The United States of America: Ten Year Super Bonus Special Anniversary Edition,The Presidents Of The United States Of America
Peaches,The Presidents of The United States of America: Ten Year Super Bonus Special Anniversary Edition,The Presidents Of The United States Of America
Heaven Knows,Going to Hell,The Pretty Reckless
Make Me Wanna Die,Light Me Up,The Pretty Reckless
My Medicine,Light Me Up,The Pretty Reckless
Take Me Down,Who You Selling For,The Pretty Reckless
Jerry Was A Race Car Driver,Sailing The Seas Of Cheese,Primus
John The Fisherman,They Can't All Be Zingers,Primus
Tommy The Cat,Sailing The Seas Of Cheese,Primus
Wynona's Big Brown Beaver,Tales From The Punchbowl,Primus
Blurry,Come Clean,Puddle Of Mudd
Control,Come Clean,Puddle Of Mudd
She Hates Me,Come Clean,Puddle Of Mudd
Another One Bites The Dust,The Game,Queen
Bohemian Rhapsody,A Night At The Opera,Queen
Breakthru,The Miracle,Queen
Crazy Little Thing Called Love,The Game,Queen
Don't Stop Me Now,Jazz,Queen
Fat Bottomed Girls,Jazz,Queen
Flash,Flash Gordon,Queen
Hammer To Fall,Greatest Hits II,Queen
I Want To Break Free,The Works,Queen
It'S A Kind Of Magic (Highlander),Highlander - Best Of Fantasy,Queen
Killer Queen,Sheer Heart Attack,Queen
One Vision,A Kind Of Magic,Queen
Somebody To Love,A Day At The Races,Queen
Stone Cold Crazy,Sheer Heart Attack,Queen
The Show Must Go On,Innuendo,Queen
Too Much Love Will Kill You,Made In Heaven,Queen
We Are The Champions,News Of The World,Queen
We Will Rock You,News Of The World,Queen
Who Wants To Live Forever,Greatest Hits II,Queen
You're My Best Friend,A Night At The Opera,Queen
Under Pressure,Hot Space,"Queen,David Bowie"
3's & 7's,Era Vulgaris,Queens of the Stone Age
Go With The Flow,Songs For The Deaf,Queens of the Stone Age
I Sat by the Ocean,...Like Clockwork,Queens of the Stone Age
Little Sister,Lullabies To Paralyze,Queens of the Stone Age
Make It Wit Chu,Era Vulgaris,Queens of the Stone Age
No One Knows,Songs For The Deaf,Queens of the Stone Age
The Lost Art Of Keeping A Secret,Rated R - Deluxe Edition,Queens of the Stone Age
The Way You Used To Do,Villains,Queens of the Stone Age
"You Think I Ain't Worth A Dollar, But I Feel Like A Millionaire",Songs For The Deaf,Queens of the Stone Age
Breaking The Silence,Operation: Mindcrime,Queensrÿche
Cum on Feel the Noize,Metal Health,Quiet Riot
Metal Health (Bang Your Head),Metal Health,Quiet Riot
It's The End Of The World As We Know It (And I Feel Fine),Document (R.E.M. No. 5),R.E.M.
Losing My Religion,Out Of Time (25th Anniversary Edition),R.E.M.
Man On The Moon,Automatic For The People,R.E.M.
Orange Crush,"R.E.M.'s Top Forty Playlist (according to Berry, Buck, Mills and Stipe)",R.E.M.
The One I Love,Document - 25th Anniversary Edition,R.E.M.
"What’s The Frequency, Kenneth?","R.E.M.'s Top Forty Playlist (according to Berry, Buck, Mills and Stipe)",R.E.M.
Burn the Witch,A Moon Shaped Pool,Radiohead
Creep,Pablo Honey,Radiohead
High and Dry,The Bends,Radiohead
Just,The Bends,Radiohead
Karma Police,OK Computer,Radiohead
My Iron Lung,The Bends,Radiohead
Street Spirit (Fade Out),The Bends,Radiohead
Renegades Of Funk,Renegades,Rage Against The Machine
Since You Been Gone,Down To Earth,Rainbow
Amerika,"Reise, Reise",Rammstein
Angst,Zeit,Rammstein
Benzin,Rosenrot,Rammstein
Deutschland,Rammstein,Rammstein
Dicke Titten,Zeit,Rammstein
Du hast,Sehnsucht (Anniversary Edition - Remastered),Rammstein
Du riechst so gut,Herzeleid (XXV Anniversary Edition – Remastered),Rammstein
Engel,Sehnsucht (Anniversary Edition - Remastered),Rammstein
Feuer frei!,Mutter,Rammstein
Ich will,Mutter,Rammstein
Keine Lust,"Reise, Reise",Rammstein
Mein Teil,"Reise, Reise",Rammstein
Ohne dich,"Reise, Reise",Rammstein
Pussy,Liebe ist für alle da,Rammstein
Sonne,Mutter,Rammstein
"Baby, I Love You",End of the Century (Expanded 2005 Remaster),Ramones
Blitzkrieg Bop,Ramones (40th Anniversary Deluxe Edition; 2016 Remaster),Ramones
I Wanna Be Sedated,Road to Ruin (40th Anniversary Deluxe Edition),Ramones
Pet Sematary,Brain Drain,Ramones
Sheena Is a Punk Rocker,Rocket to Russia (40th Anniversary Deluxe Edition),Ramones
Roots Radical,...And Out Come The Wolves,Rancid
Ruby Soho,...And Out Come The Wolves,Rancid
Time Bomb,...And Out Come The Wolves,Rancid
In the Shadows,Dead Letters,The Rasmus
Round and Round,The Essentials: Ratt,Ratt
Aeroplane,One Hot Minute,Red Hot Chili Peppers
Around the World,Californication,Red Hot Chili Peppers
Breaking the Girl,Blood Sugar Sex Magik,Red Hot Chili Peppers
Californication,Californication,Red Hot Chili Peppers
Can't Stop,By the Way,Red Hot Chili Peppers
Dani California,Stadium Arcadium,Red Hot Chili Peppers
Fortune Faded,Greatest Hits,Red Hot Chili Peppers
Give It Away,Blood Sugar Sex Magik,Red Hot Chili Peppers
Otherside,Californication,Red Hot Chili Peppers
Scar Tissue,Californication,Red Hot Chili Peppers
Soul to Squeeze,Greatest Hits,Red Hot Chili Peppers
Suck My Kiss,Blood Sugar Sex Magik,Red Hot Chili Peppers
Under the Bridge,Blood Sugar Sex Magik,Red Hot Chili Peppers
Savior,Appeal To Reason,Rise Against
Swing Life Away,Siren Song Of The Counter-Culture,Rise Against
Dragula,Hellbilly Deluxe,Rob Zombie
Living Dead Girl,Hellbilly Deluxe,Rob Zombie
Superbeast,Hellbilly Deluxe,Rob Zombie
(I Can't Get No) Satisfaction,Out Of Our Heads,The Rolling Stones
Brown Sugar,Sticky Fingers,The Rolling Stones
Gimme Shelter,Let It Bleed,The Rolling Stones
Jumpin' Jack Flash,Forty Licks,The Rolling Stones
Love Is Strong,Voodoo Lounge (Remastered 2009),The Rolling Stones
"Paint It, Black",Aftermath,The Rolling Stones
Start Me Up,Tattoo You (2009 Re-Mastered),The Rolling Stones
Sympathy For The Devil,Beggars Banquet (50th Anniversary Edition),The Rolling Stones
Under My Thumb,Aftermath,The Rolling Stones
Walk This Way (feat. Aerosmith),Raising Hell,"Run–D.M.C.,Aerosmith"
Cherry Bomb,The Runaways,The Runaways
Limelight,Moving Pictures,Rush
Tom Sawyer,Moving Pictures,Rush
Hurricane,Scorpions,Scorpions
Wind Of Change,Crazy World,Scorpions
Refuse / Resist,Chaos A.D.,Sepultura
Roots Bloody Roots,Roots,Sepultura
Empty Walls,Elect the Dead (Deluxe),Serj Tankian
Stay,Hormonally Yours (Remastered and Expanded),Shakespears Sister
Hurry Up Harry,Angels With Dirty Faces,Sham 69
A Symptom Of Being Human,Planet Zero,Shinedown
Cities In Dust,Tinderbox,Siouxsie and the Banshees
Face To Face,Superstition (Expanded Edition),Siouxsie and the Banshees
Happy House,Kaleidoscope (Remastered & Expanded),Siouxsie and the Banshees
Peek-A-Boo,Peepshow (Remastered And Expanded),Siouxsie and the Banshees
Spellbound,Juju,Siouxsie and the Banshees
18 and Life,Skid Row,Skid Row
Youth Gone Wild,Skid Row,Skid Row
Brazen (Weep),Stoosh,Skunk Anansie
Hedonism (Just Because You Feel Good),Stoosh,Skunk Anansie
Twisted (Everyday Hurts),Stoosh,Skunk Anansie
Weak,Paranoid & Sunburnt,Skunk Anansie
Angel Of Death,Reign In Blood (Expanded),Slayer
Dead Skin Mask,Seasons In The Abyss,Slayer
Raining Blood,Reign In Blood (Expanded),Slayer
South Of Heaven,South Of Heaven,Slayer
War Ensemble,Seasons In The Abyss,Slayer
(sic),Slipknot (10th Anniversary Edition),Slipknot
Before I Forget,Vol. 3: The Subliminal Verses,Slipknot
Duality,Vol. 3: The Subliminal Verses,Slipknot
People = Shit,Iowa,Slipknot
Psychosocial,All Hope Is Gone (10th Anniversary),Slipknot
Snuff,All Hope Is Gone,Slipknot
Spit It Out,Slipknot (10th Anniversary Edition),Slipknot
The Heretic Anthem,Iowa,Slipknot
Unsainted,We Are Not Your Kind,Slipknot
"Vermilion, Pt. 2",Vol. 3: The Subliminal Verses,Slipknot
Wait and Bleed,Slipknot (10th Anniversary Edition),Slipknot
1979,Mellon Collie And The Infinite Sadness,The Smashing Pumpkins
Ava Adore,Adore (Super Deluxe),The Smashing Pumpkins
Bullet With Butterfly Wings,Mellon Collie And The Infinite Sadness,The Smashing Pumpkins
Disarm,Siamese Dream,The Smashing Pumpkins
Perfect,Adore (Super Deluxe),The Smashing Pumpkins
The Beginning Is The End Is The Beginning,Adore (Super Deluxe),The Smashing Pumpkins
Today,(Rotten Apples) The Smashing Pumpkins Greatest Hits,The Smashing Pumpkins
"Tonight, Tonight",Mellon Collie And The Infinite Sadness,The Smashing Pumpkins
Zero,Mellon Collie And The Infinite Sadness,The Smashing Pumpkins
Ask,Louder Than Bombs,The Smiths
Bigmouth Strikes Again,The Queen Is Dead,The Smiths
Girlfriend in a Coma,"Strangeways, Here We Come",The Smiths
Heaven Knows I'm Miserable Now,Hatful of Hollow,The Smiths
How Soon Is Now?,Hatful of Hollow,The Smiths
I Started Something I Couldn't Finish,"Strangeways, Here We Come",The Smiths
Panic,Louder Than Bombs,The Smiths
Sheila Take a Bow,Louder Than Bombs,The Smiths
Stop Me If You Think You've Heard This One Before,"Strangeways, Here We Come",The Smiths
This Charming Man,The Smiths,The Smiths
Unhappy Birthday,"Strangeways, Here We Come",The Smiths
What Difference Does It Make?,The Smiths,The Smiths
Sex Dwarf,Non-Stop Erotic Cabaret,Soft Cell
Tainted Love,Non-Stop Erotic Cabaret,Soft Cell
Black Hole Sun,Superunknown,Soundgarden
Burden In My Hand,Down On The Upside,Soundgarden
Fell On Black Days,Superunknown,Soundgarden
Outshined,Badmotorfinger (25th Anniversary Remaster),Soundgarden
Pretty Noose,Down On The Upside,Soundgarden
Rusty Cage,Badmotorfinger (25th Anniversary Remaster),Soundgarden
Spoonman,Superunknown (20th Anniversary),Soundgarden
A Message to You Rudy,The Specials,The Specials
Circle With Me,Eternal Blue,Spiritbox
It's Been Awhile,Break the Cycle,Staind
Outside,Break the Cycle,Staind
We Built This City,Knee Deep In The Hoopla,Starship
Push It,Wisconsin Death Trip,Static-X
Edge of Seventeen,Bella Donna (2016 Remastered),Stevie Nicks
Dead & Bloated,Core,Stone Temple Pilots
Interstate Love Song,Purple (2019 Remaster),Stone Temple Pilots
Plush,Core,Stone Temple Pilots
Sex Type Thing,Core (Super Deluxe Edition),Stone Temple Pilots
Vasoline,Purple (2019 Remaster),Stone Temple Pilots
I Wanna Be Your Dog,The Stooges,The Stooges
Search and Destroy,Raw Power (Iggy Mix - 2023 Remaster),The Stooges
Last Nite,Is This It,The Strokes
Santeria,Sublime,Sublime
What I Got,Sublime,Sublime
Institutionalized,Suicidal Tendencies,Suicidal Tendencies
You Can't Bring Me Down,Lights...Camera...Revolution,Suicidal Tendencies
Fat Lip,"All Killer, No Filler",Sum 41
In Too Deep,"All Killer, No Filler",Sum 41
Burning Heart,Survivor Greatest Hits,Survivor
Eye of the Tiger,Eye Of The Tiger,Survivor
Ballroom Blitz,Rock Band Classics,Sweet
Aerials,Toxicity,System Of A Down
B.Y.O.B.,Mezmerize,System Of A Down
Bounce,Toxicity,System Of A Down
Chop Suey!,Toxicity,System Of A Down
Chop Suey!,Toxicity,System Of A Down
Cigaro,Mezmerize,System Of A Down
Deer Dance,Toxicity,System Of A Down
Forest,Toxicity,System Of A Down
I-E-A-I-A-I-O,Steal This Album!,System Of A Down
Lonely Day,Hypnotize,System Of A Down
Prison Song,Toxicity,System Of A Down
Question!,Mezmerize,System Of A Down
Radio/Video,Mezmerize,System Of A Down
Roulette,Steal This Album!,System Of A Down
Spiders,System Of A Down,System Of A Down
Sugar,System Of A Down,System Of A Down
Vicinity Of Obscenity,Hypnotize,System Of A Down
Violent Pornography,Mezmerize,System Of A Down
20th Century Boy,Tanx (The Visconti Master),T. Rex
Bang A Gong (Get It On),Bang A Gong (Get It On),T. Rex
Children of the Revolution,Tanx (The Visconti Master),T. Rex
It's My Life,It's My Life,Talk Talk
Life's What You Make It,The Colour of Spring,Talk Talk
Burning Down the House,Burning Down the House / I Get Wild / Wild Gravity,Talking Heads
Psycho Killer,Talking Heads '77,Talking Heads
Everybody Wants To Rule The World,Songs From The Big Chair (Super Deluxe Edition),Tears For Fears
Head Over Heels,Rule The World: The Greatest Hits,Tears For Fears
Mad World,The Hurting,Tears For Fears
Pale Shelter,The Hurting,Tears For Fears
Shout,Songs From The Big Chair,Tears For Fears
Fuck Her Gently,Tenacious D,Tenacious D
Kickapoo,The Pick Of Destiny,Tenacious D
Kielbasa,Tenacious D,Tenacious D
Master Exploder,The Pick Of Destiny,Tenacious D
Tribute,Tenacious D,Tenacious D
Wonderboy,Tenacious D,Tenacious D
Chinatown,Chinatown,Thin Lizzy
Cold Sweat,Thunder And Lightning,Thin Lizzy
Dancing In The Moonlight,Bad Reputation (Expanded Edition),Thin Lizzy
Don't Believe A Word,Johnny The Fox,Thin Lizzy
Emerald,Jailbreak,Thin Lizzy
The Boys Are Back In Town,Jailbreak,Thin Lizzy
Waiting For An Alibi,Black Rose,Thin Lizzy
Whiskey In The Jar,Shades Of A Blue Orphanage (Deluxe),Thin Lizzy
Semi-Charmed Life,Third Eye Blind,Third Eye Blind
Animal I Have Become,One-X,Three Days Grace
I Hate Everything About You,Three Days Grace,Three Days Grace
I Need to Know,You're Gonna Get It!,Tom Petty and the Heartbreakers
Refugee,Damn The Torpedoes,Tom Petty and the Heartbreakers
Hooker With A Penis,Ænima,TOOL
Prison Sex,Undertow,TOOL
Stinkfist,Ænima,TOOL
Cornflake Girl,Under the Pink,Tori Amos
Africa,Toto IV,TOTO
Hold the Line,Toto,TOTO
In Waves,In Waves,Trivium
Pull Harder on the Strings of Your Martyr,Ascendancy,Trivium
I Wanna Rock,Stay Hungry,Twisted Sister
We're Not Gonna Take It,Stay Hungry,Twisted Sister
Black No. 1 (Little Miss Scare -All),Bloody Kisses (Top Shelf Edition),Type O Negative
Christian Woman,Bloody Kisses (Top Shelf Edition),Type O Negative
I Don't Wanna Be Me,Life Is Killing Me,Type O Negative
My Girlfriend's Girlfriend,October Rust,Type O Negative
Summer Breeze,Bloody Kisses,Type O Negative
Everything About You,America's Least Wanted,Ugly Kid Joe
Teenage Kicks,The Anthology,The Undertones
The Bird and the Worm,Lies for the Liars,The Used
The Taste of Ink,The Used,The Used
Ain't Talkin' 'Bout Love,Van Halen,Van Halen
Hot for Teacher,1984,Van Halen
Jump,1984,Van Halen
Panama,1984,Van Halen
Runnin' with the Devil,Van Halen,Van Halen
Why Can't This Be Love,5150,Van Halen
Turning Japanese - Non Stop Edit,New Clear Days,The Vapors
Fall to Pieces,Contraband,Velvet Revolver
Slither,Contraband,Velvet Revolver
Seether,American Thighs,Veruca Salt
Sports,Street Worms,Viagra Boys
Blister In The Sun,Violent Femmes,Violent Femmes
Fade To Grey,Visage,Visage
The Devil's Bleeding Crown,Seal The Deal & Let's Boogie (Deluxe),Volbeat
Animal (Fuck Like A Beast),W.A.S.P.,W.A.S.P.
Wild Child,The Last Command,W.A.S.P.
Check Yes Juliet,We The Kings,We The Kings
Hash Pipe,Weezer,Weezer
Island In The Sun,Weezer,Weezer
Chaise Longue,Wet Leg,Wet Leg
Teenage Dirtbag,Wheatus,Wheatus
Fell In Love With a Girl,White Blood Cells,The White Stripes
My Doorbell,Get Behind Me Satan,The White Stripes
Seven Nation Army,Elephant,The White Stripes
More Human Than Human,"Astro Creep: 2000 Songs Of Love, Destruction And Other Synthetic Delusions Of The Electric Head",White Zombie
Thunder Kiss '65,La Sexorcisto: Devil Music Volume 1,White Zombie
Angels,The Silent Force,Within Temptation
Faster,The Unforgiving,Within Temptation
Memories,The Silent Force,Within Temptation
Stand My Ground,The Silent Force,Within Temptation
parents,weird!,YUNGBLUD