TITLE,ALBUM,ARTIST,IS_NEW
Back In Black,Back In Black,AC/DC,false
Dirty Deeds Done Dirt Cheap,Dirty Deeds Done Dirt Cheap,AC/DC,false
Highway to Hell,Highway to Hell,AC/DC,false
It's a Long Way to the Top (If You Wanna Rock 'N' Roll),High Voltage,AC/DC,false
T.N.T.,High Voltage,AC/DC,false
Thunderstruck,The Razors Edge,AC/DC,false
Whole Lotta Rosie,Let There Be Rock,AC/DC,false
You Shook Me All Night Long,Back In Black,AC/DC,false
Stand and Deliver,Prince Charming,Adam & The Ants,false
Dream On,Aerosmith,Aerosmith,false
Dude (Looks Like A Lady),Permanent Vacation,Aerosmith,false
I Don't Want To Miss A Thing,I Don't Want To Miss A Thing EP,Aerosmith,false
Janie's Got A Gun,Big Ones,Aerosmith,false
Rag Doll,Permanent Vacation,Aerosmith,false
Sweet Emotion,Toys In The Attic,Aerosmith,false
Forgiven,Jagged Little Pill,Alanis Morissette,false
Hand in My Pocket,Jagged Little Pill,Alanis Morissette,false
Ironic,Jagged Little Pill,Alanis Morissette,false
Not the Doctor,Jagged Little Pill,Alanis Morissette,false
Right Through You,Jagged Little Pill,Alanis Morissette,false
Uninvited,The Collection (Standard Edition),Alanis Morissette,false
You Oughta Know,Jagged Little Pill,Alanis Morissette,false
Black Velvet,Alannah Myles,Alannah Myles,false
This Could Be Anywhere in the World,Crisis,Alexisonfire,false
Feed My Frankenstein,Hey Stoopid,Alice Cooper,false
Poison,Trash,Alice Cooper,false
School's Out,School's Out,Alice Cooper,false
Bleed The Freak,Facelift,Alice In Chains,false
Down In A Hole,Dirt,Alice In Chains,false
Man in the Box,Facelift,Alice In Chains,false
Nutshell,Jar Of Flies,Alice In Chains,false
Rooster,Dirt,Alice In Chains,false
Them Bones,Dirt,Alice In Chains,false
We Die Young,Facelift,Alice In Chains,false
Would?,Dirt,Alice In Chains,false
Dirty Little Secret,Move Along,The All-American Rejects,false
"Swing, Swing",The All-American Rejects,The All-American Rejects,false
Big in Japan,Forever Young,Alphaville,false
Forever Young,Forever Young,Alphaville,false
Open Your Eyes,One Day Remains,Alter Bridge,false
The Pursuit Of Vikings,Fate of Norns,Amon Amarth,false
Twilight Of The Thunder God,Twilight Of The Thunder God,Amon Amarth,false
House of the Rising Sun,The Singles Plus,The Animals,false
Caught In A Mosh,Among The Living,Anthrax,false
I Don't Care,Worlds Collide,"Apocalyptica,Adam Gontier",false
Nemesis,Doomsday Machine,Arch Enemy,false
Animals,For Those That Wish To Exist,Architects,false
Do I Wanna Know?,AM,Arctic Monkeys,false
I Bet You Look Good On The Dancefloor,"Whatever People Say I Am, That's What I'm Not",Arctic Monkeys,false
One Armed Scissor,Relationship of Command,At the Drive-In,false
Be Yourself,Out Of Exile,Audioslave,false
Cochise,Audioslave,Audioslave,false
Like a Stone,Audioslave,Audioslave,false
Bat Country,City of Evil,Avenged Sevenfold,false
Hail to the King,Hail to the King,Avenged Sevenfold,false
Shepherd of Fire,Hail to the King,Avenged Sevenfold,false
Complicated,Let Go,Avril Lavigne,false
Sk8er Boi,Let Go,Avril Lavigne,false
Love Shack,Cosmic Thing,The B-52's,false
Private Idaho,Wild Planet,The B-52's,false
Spaceman,The Boy With The X-Ray Eyes,Babylon Zoo,false
Like A Villain,,Bad Omens,true
V.A.N,,Bad Omens & Poppy,true
21st Century (Digital Boy),Against The Grain,Bad Religion,false
American Jesus,Recipe For Hate,Bad Religion,false
Infected,Stranger Than Fiction,Bad Religion,false
One Week,Stunt,Barenaked Ladies,false
Sabotage,Ill Communication,Beastie Boys,false
Back In The U.S.S.R.,The Beatles,The Beatles,false
Come Together,Abbey Road,The Beatles,false
Helter Skelter,The Beatles,The Beatles,false
I Am The Walrus,Magical Mystery Tour,The Beatles,false
Twist And Shout,Please Please Me,The Beatles,false
Rockin' the Suburbs,Rockin' The Suburbs,Ben Folds,false
Flesh For Fantasy,Rebel Yell,Billy Idol,false
Rebel Yell,Rebel Yell,Billy Idol,false
White Wedding,Billy Idol,Billy Idol,false
Fallen Leaves,Billy Talent II,Billy Talent,false
Try Honesty,Billy Talent,Billy Talent,false
Army Of Me,Post,Björk,false
It's Oh So Quiet,Post,Björk,false
Play Dead,Greatest Hits,"Björk,David Arnold",false
Hard To Handle,Shake Your Money Maker,The Black Crowes,false
Nervous Breakdown,Nervous Breakdown,Black Flag,false
Stillborn,The Blessed Hellride,Black Label Society,false
Changes,Vol. 4,Black Sabbath,false
Children of the Grave,Master of Reality,Black Sabbath,false
Heaven and Hell,Heaven & Hell,Black Sabbath,false
Iron Man,Paranoid,Black Sabbath,false
N.I.B.,Black Sabbath,Black Sabbath,false
Paranoid,Paranoid,Black Sabbath,false
Snowblind,Vol. 4,Black Sabbath,false
The Wizard,,Black Sabbath,true
War Pigs,Paranoid,Black Sabbath,false
White Trash Millionaire,Between the Devil & the Deep Blue Sea,Black Stone Cherry,false
The Bard's Song,Somewhere Far Beyond,Blind Guardian,false
Adam's Song,Enema Of The State,blink-182,false
All The Small Things,Enema Of The State,blink-182,false
Feeling This,blink-182,blink-182,false
I Miss You,blink-182,blink-182,false
The Rock Show,Take Off Your Pants And Jacket,blink-182,false
What's My Age Again?,Enema Of The State,blink-182,false
Call Me,Atomic/Atomix,Blondie,false
Call Me,Atomic/Atomix,Blondie,false
Hanging On The Telephone,Parallel Lines,Blondie,false
Heart Of Glass,Best Of Blondie,Blondie,false
One Way Or Another,Parallel Lines,Blondie,false
Foxtrot Uniform Charlie Kilo,Hefty Fine,Bloodhound Gang,false
The Bad Touch,Hooray For Boobies,Bloodhound Gang,false
The Ballad Of Chasey Lain,Hooray For Boobies,Bloodhound Gang,false
(Don't Fear) The Reaper,Agents Of Fortune,Blue Öyster Cult,false
Beetlebum,Blur,Blur,false
Coffee & TV,13,Blur,false
Parklife,Parklife,Blur,false
Song 2,Blur,Blur,false
Always,Cross Road,Bon Jovi,false
Bad Medicine,New Jersey,Bon Jovi,false
Livin' On A Prayer,Slippery When Wet,Bon Jovi,false
Runaway,Bon Jovi,Bon Jovi,false
Wanted Dead Or Alive,Slippery When Wet,Bon Jovi,false
You Give Love A Bad Name,Slippery When Wet,Bon Jovi,false
Amanda,Third Stage,Boston,false
More Than a Feeling,Boston,Boston,false
Girl All the Bad Guys Want,Drunk Enough To Dance,Bowling For Soup,false
So Cold,We Are Not Alone,Breaking Benjamin,false
The Diary of Jane,Phobia (Clean Version),Breaking Benjamin,false
Cannonball,Last Splash,The Breeders,false
Drown,That's The Spirit,Bring Me The Horizon,false
Shadow Moses,,Bring Me The Horizon,true
Throne,That's The Spirit,Bring Me The Horizon,false
Kingslayer (feat. BABYMETAL),POST HUMAN: SURVIVAL HORROR,"Bring Me The Horizon,BABYMETAL",false
Smalltown Boy,The Age of Consent,Bronski Beat,false
Born to Run,Born To Run,Bruce Springsteen,false
Dancing In the Dark,Born In The U.S.A.,Bruce Springsteen,false
All These Things I Hate (Revolve Around Me),The Poison,Bullet For My Valentine,false
Tears Don't Fall,The Poison,Bullet For My Valentine,false
Your Betrayal,Fever,Bullet For My Valentine,false
Everything Zen,Sixteen Stone,Bush,false
Machinehead,Sixteen Stone,Bush,false
The Chemicals Between Us,The Science Of Things,Bush,false
Ever Fallen in Love (With Someone You Shouldn't've?),Love Bites,Buzzcocks,false
I Will Survive,Fashion Nugget,CAKE,false
The Distance,Fashion Nugget,CAKE,false
Hammer Smashed Face,Tomb Of The Mutilated,Cannibal Corpse,false
Just Like The Movies,Just Like The Movies,Cars in Drive,false
I Want You to Want Me,In Color,Cheap Trick,false
Surrender,Heaven Tonight,Cheap Trick,false
The Red,Wonder What's Next (Expanded Edition),Chevelle,false
Are You Dead Yet?,Are You Dead Yet?,Children Of Bodom,false
You Know My Name,Carry On,Chris Cornell,false
Wicked Game,Heart Shaped World,Chris Isaak,false
I Fought the Law,The Cost of Living - EP,The Clash,false
London Calling,London Calling,The Clash,false
Rock the Casbah,Combat Rock,The Clash,false
Should I Stay or Should I Go,Combat Rock,The Clash,false
Train in Vain (Stand by Me),London Calling,The Clash,false
Electric Worry,From Beale Street to Oblivion,Clutch,false
The Mob Goes Wild,Blast Tyrant,Clutch,false
Loco,Coal Chamber,Coal Chamber,false
Heaven or Las Vegas,Heaven or Las Vegas,Cocteau Twins,false
Welcome Home,Good Apollo I'm Burning Star IV Volume One: From Fear Through The Eyes Of Madness,Coheed and Cambria,false
Clean My Wounds,Deliverance,Corrosion Of Conformity,false
Nymphetamine Fix,Nymphetamine Special Edition,Cradle Of Filth,false
Goo Goo Muck,Psychedelic Jungle,The Cramps,false
Human Fly,Off The Bone,The Cramps,false
Zombie,No Need To Argue (The Complete Sessions 1994-1995),The Cranberries,false
Sunshine Of Your Love,Disraeli Gears,Cream,false
My Sacrifice,Weathered,Creed,false
With Arms Wide Open,Human Clay,Creed,false
Fire Woman,Sonic Temple,The Cult,false
Rain,Love,The Cult,false
She Sells Sanctuary,Love,The Cult,false
A Night Like This,The Head On The Door,The Cure,false
Boys Don't Cry,Three Imaginary Boys,The Cure,false
Close To Me,The Head On The Door,The Cure,false
Fascination Street,Disintegration,The Cure,false
Friday I'm In Love,Wish,The Cure,false
In Between Days,Show,The Cure,false
Just Like Heaven,"Kiss Me, Kiss Me, Kiss Me",The Cure,false
Lovesong,Disintegration,The Cure,false
Lullaby,Disintegration,The Cure,false
The Lovecats,Japanese Whispers,The Cure,false
The Walk,Japanese Whispers,The Cure,false
(I Just) Died In Your Arms,Broadcast,Cutting Crew,false
New Rose,Damned Damned Damned (30th Anniversary Expanded Edition),The Damned,false
Her Black Wings,Danzig II: Lucifuge,Danzig,false
I'm The One,Danzig II: Lucifuge,Danzig,false
Long Way Back From Hell,Danzig II: Lucifuge,Danzig,false
Mother,Danzig,Danzig,false
Twist Of Cain,Danzig,Danzig,false
Growing on Me,Permission to Land,The Darkness,false
I Believe in a Thing Called Love,Permission to Land,The Darkness,false
Ashes to Ashes,Scary Monsters (And Super Creeps) [2017 Remaster],David Bowie,false
Heroes,Heroes (2017 Remaster),David Bowie,false
I'm Afraid Of Americans,,David Bowie,true
Let's Dance,Let's Dance (2018 Remaster),David Bowie,false
Life on Mars?,Hunky Dory,David Bowie,false
If It Means A Lot To You,Homesick,A Day To Remember,false
California Uber Alles,Give Me Convenience or Give Me Death,Dead Kennedys,false
Holiday in Cambodia,Fresh Fruit For Rotting Vegetables (Expanded Edition),Dead Kennedys,false
Too Drunk To Fuck,Fresh Fruit For Rotting Vegetables (Expanded Edition),Dead Kennedys,false
Hush,Shades of Deep Purple,Deep Purple,false
Smoke On The Water,Machine Head,Deep Purple,false
Animal,Hysteria,Def Leppard,false
Photograph,Pyromania,Def Leppard,false
Pour Some Sugar On Me,Hysteria (Super Deluxe),Def Leppard,false
Be Quiet and Drive (Far Away),Around the Fur,Deftones,false
Bored,Adrenaline,Deftones,false
Change (In the House of Flies),White Pony,Deftones,false
Digital Bath,White Pony,Deftones,false
Knife Prty,White Pony,Deftones,false
My Own Summer (Shove It),Around the Fur,Deftones,false
Passenger,White Pony,Deftones,false
Sextape,Diamond Eyes,Deftones,false
Enjoy the Silence,Violator | The 12 Singles,Depeche Mode,false
Ghosts Again,Memento Mori,Depeche Mode,false
I Feel You,Songs of Faith and Devotion (Deluxe),Depeche Mode,false
It's No Good,Ultra (Deluxe),Depeche Mode,false
Just Can't Get Enough,Speak and Spell (Deluxe),Depeche Mode,false
Never Let Me Down Again,Music for the Masses (Deluxe),Depeche Mode,false
Personal Jesus,The Singles 86-98,Depeche Mode,false
Policy of Truth,Violator (Deluxe),Depeche Mode,false
Strangelove,The Singles 86-98,Depeche Mode,false
Stripped,Black Celebration (Deluxe),Depeche Mode,false
Whip It,Oh No It's Devo / Freedom Of Choice,DEVO,false
Holy Diver,Holy Diver,Dio,false
Rainbow In The Dark,Holy Diver,Dio,false
City Of Angels,Sing Sing Death House,The Distillers,false
Down with the Sickness,The Sickness,Disturbed,false
Stricken,Ten Thousand Fists,Disturbed,false
The Game,The Sickness,Disturbed,false
Into The Fire,Tooth and Nail,Dokken,false
Break on Through (To the Other Side),The Doors,The Doors,false
Light My Fire,The Doors,The Doors,false
Riders on the Storm,L.A. Woman,The Doors,false
Roadhouse Blues,Morrison Hotel,The Doors,false
I'm Shipping Up To Boston,The Warrior's Code,Dropkick Murphys,false
Bodies,Sinner,Drowning Pool,false
Tear Away,Sinner,Drowning Pool,false
A View to a Kill,Decade,Duran Duran,false
Hungry Like the Wolf,Rio (Collector's Edition),Duran Duran,false
Is There Something I Should Know?,Greatest,Duran Duran,false
Ordinary World,Duran Duran,Duran Duran,false
Planet Earth,Duran Duran,Duran Duran,false
The Wild Boys,Greatest,Duran Duran,false
The Killing Moon,Ocean Rain (Expanded; 2007 Remaster),Echo & the Bunnymen,false
The Last Crusade - A New Age Dawns 1,Consign To Oblivion (Expanded Edition),Epica,false
Situations,Dying Is Your Latest Fashion,Escape the Fate,false
The Final Countdown,The Final Countdown (Expanded Edition),Europe,false
Missionary Man,Revenge,"Eurythmics,Annie Lennox,Dave Stewart",false
Sweet Dreams (Are Made of This),Sweet Dreams (Are Made Of This),"Eurythmics,Annie Lennox,Dave Stewart",false
Bring Me To Life,Fallen,Evanescence,false
Call Me When You're Sober,The Open Door,Evanescence,false
Going Under,Fallen,Evanescence,false
Lithium,The Open Door,Evanescence,false
My Immortal,Fallen,Evanescence,false
More Than Words,Extreme II - Pornograffitti,Extreme,false
Ashes to Ashes,Album of the Year (2016 Remaster; Deluxe Edition),Faith No More,false
Easy,Angel Dust,Faith No More,false
Epic,The Real Thing,Faith No More,false
Falling to Pieces,The Real Thing,Faith No More,false
I Started a Joke - Digging the Grave,"King for a Day, Fool for a Lifetime (2016 Remaster; Deluxe Edition)",Faith No More,false
Last Cup of Sorrow,Album of the Year (2016 Remaster; Deluxe Edition),Faith No More,false
Midlife Crisis,Angel Dust,Faith No More,false
Surprise! You're Dead!,The Real Thing,Faith No More,false
We Care a Lot,Introduce Yourself,Faith No More,false
"A Little Less Sixteen Candles, A Little More Touch Me",From Under The Cork Tree,Fall Out Boy,false
"Dance, Dance",From Under The Cork Tree,Fall Out Boy,false
"Sugar, We're Goin Down",From Under The Cork Tree,Fall Out Boy,false
"The Take Over, The Breaks Over",Infinity On High,Fall Out Boy,false
"This Ain't A Scene, It's An Arms Race",Infinity On High,Fall Out Boy,false
Thnks fr th Mmrs,Infinity On High,Fall Out Boy,false
Buck Rogers,Echo Park,Feeder,false
"Hey Man, Nice Shot - Remastered Version",Short Bus,Filter,false
Bad Company,War is the Answer,Five Finger Death Punch,false
Far From Home,War is the Answer,Five Finger Death Punch,false
Under and Over It,American Capitalist (Deluxe),Five Finger Death Punch,false
Go Your Own Way,Rumours,Fleetwood Mac,false
The Chain,Rumours (Super Deluxe),Fleetwood Mac,false
I Ran (So Far Away),A Flock Of Seagulls,A Flock Of Seagulls,false
All My Life,One By One (Expanded Edition),Foo Fighters,false
Best of You,In Your Honor,Foo Fighters,false
Big Me,Foo Fighters,Foo Fighters,false
Breakout,There Is Nothing Left To Lose,Foo Fighters,false
Everlong,The Colour And The Shape,Foo Fighters,false
I'll Stick Around,Foo Fighters,Foo Fighters,false
Learn to Fly,There Is Nothing Left To Lose,Foo Fighters,false
Monkey Wrench,The Colour And The Shape,Foo Fighters,false
My Hero,The Colour And The Shape,Foo Fighters,false
The Pretender,"Echoes, Silence, Patience & Grace",Foo Fighters,false
This Is a Call,Foo Fighters,Foo Fighters,false
Times Like These,One By One (Expanded Edition),Foo Fighters,false
Cold as Ice,Foreigner (Expanded),Foreigner,false
I Want to Know What Love Is,Agent Provocateur,Foreigner,false
Juke Box Hero,4 (Expanded),Foreigner,false
Urgent,Renegades & Juke Box Heroes (Live),Foreigner,false
Far From Over,Frank Stallone,Frank Stallone,false
Hemorrhage (In My Hands),Something Like Human,Fuel,false
Waiting Room,13 Songs,Fugazi,false
I Think I'm Paranoid,Version 2.0 (20th Anniversary Deluxe Edition),Garbage,false
Only Happy When It Rains,Garbage (20th Anniversary Super Deluxe Edition),Garbage,false
Push It,Version 2.0 (20th Anniversary Deluxe Edition),Garbage,false
Queer,Garbage (20th Anniversary Super Deluxe Edition),Garbage,false
Stupid Girl,Garbage (20th Anniversary Super Deluxe Edition),Garbage,false
Out In The Fields,Run For Cover,"Gary Moore,Phil Lynott",false
Cars,The Pleasure Principle,Gary Numan,false
Are 'Friends' Electric?,Replicas Redux,"Gary Numan,Tubeway Army",false
Bad To The Bone,BAD TO THE BONE,George Thorogood & The Destroyers,false
Call Me Little Sunshine,IMPERA,Ghost,false
Cirice,Meliora,Ghost,false
Dance Macabre,Prequelle,Ghost,false
Faith,Prequelle,Ghost,false
From The Pinnacle To The Pit,Meliora,Ghost,false
He Is,Meliora,Ghost,false
Hunter’s Moon,IMPERA,Ghost,false
Kiss The Go-Goat,Seven Inches Of Satanic Panic,Ghost,false
Life Eternal,Prequelle,Ghost,false
Mary On A Cross,Seven Inches Of Satanic Panic,Ghost,false
Pro Memoria,Prequelle,Ghost,false
Rats,Prequelle,Ghost,false
Square Hammer,Meliora,Ghost,false
Watcher In The Sky,IMPERA,Ghost,false
Year Zero,Infestissumam,Ghost,false
Silvera,,Gojira,true
Stranded,,Gojira,true
99 Red Balloons,Stomping Ground,Goldfinger,false
Lifestyles of the Rich & Famous,The Young and The Hopeless,Good Charlotte,false
21 Guns,21st Century Breakdown,Green Day,false
American Idiot,American Idiot,Green Day,false
Basket Case,Dookie,Green Day,false
Boulevard of Broken Dreams,Boulevard of Broken Dreams,Green Day,false
Brain Stew,Insomniac,Green Day,false
Good Riddance (Time of Your Life),Nimrod,Green Day,false
Hitchin' a Ride,Nimrod,Green Day,false
Holiday,Holiday,Green Day,false
Longview,Dookie,Green Day,false
Welcome to Paradise,Dookie,Green Day,false
When I Come Around,Dookie,Green Day,false
Don't Cry,Use Your Illusion I,Guns N' Roses,false
It's So Easy,Appetite For Destruction,Guns N' Roses,false
Mr. Brownstone,Appetite For Destruction,Guns N' Roses,false
Nightrain,Appetite For Destruction,Guns N' Roses,false
Paradise City,Appetite For Destruction,Guns N' Roses,false
Sweet Child O' Mine,Appetite For Destruction,Guns N' Roses,false
Welcome To The Jungle,Appetite For Destruction,Guns N' Roses,false
You Could Be Mine,Use Your Illusion II,Guns N' Roses,false
Familiar Taste of Poison,Halestorm (Deluxe),Halestorm,false
Here's to Us,The Strange Case of...,Halestorm,false
I Get Off,Halestorm (Deluxe),Halestorm,false
I Miss the Misery,The Strange Case of...,Halestorm,false
Love Bites (So Do I),The Strange Case of...,Halestorm,false
Beating Heart Baby,Decadence,Head Automatica,false
Alone,Bad Animals,Heart,false
Barracuda,Little Queen,Heart,false
Unsung,Meantime,Helmet,false
Join Me In Death,Uneasy Listening Vol.1,HIM,false
Solitary Man,,HIM,true
Wicked Game,,HIM,true
Wings of a Butterfly,Dark Light,HIM,false
Painted On My Heart,"A Tribute to the Rock 'N' Roll Allstars: Kiss, Guns N' Roses, Deep Purple and More, Vol. 1",The Hit Co.,false
Main Offender,Veni Vidi Vicious,The Hives,false
Celebrity Skin,Celebrity Skin,Hole,false
Doll Parts,Live Through This,Hole,false
Malibu,Celebrity Skin,Hole,false
Violet,Live Through This,Hole,false
Crawling In The Dark,Hoobastank,Hoobastank,false
The Reason,The Reason (20th Anniversary),Hoobastank,false
Hit Me With Your Rhythm Stick,Sex & Drugs & Rock & Roll,"Ian Dury,The Blockheads",false
Never Fight A Man With A Perm,Joy as an Act of Resistance.,IDLES,false
The Passenger,Lust For Life,Iggy Pop,false
Radioactive,Night Visions,Imagine Dragons,false
Drive,Make Yourself,Incubus,false
The Warmth,Make Yourself,Incubus,false
Wish You Were Here,Morning View,Incubus,false
Devil Inside,Kick (Remastered 2011),INXS,false
Mystify,Kick (Remastered 2011),INXS,false
Need You Tonight,Kick (Remastered 2011),INXS,false
Never Tear Us Apart,Kick (Remastered 2011),INXS,false
Suicide Blonde,X,INXS,false
Aces High,Powerslave,Iron Maiden,false
Bring Your Daughter... to the Slaughter,No Prayer for the Dying,Iron Maiden,false
Can I Play with Madness,Seventh Son of a Seventh Son,Iron Maiden,false
Run to the Hills,The Number of the Beast,Iron Maiden,false
The Evil That Men Do,Seventh Son of a Seventh Son,Iron Maiden,false
The Trooper,Piece of Mind,Iron Maiden,false
The Wicker Man,Brave New World,Iron Maiden,false
Wasted Years,Somewhere in Time,Iron Maiden,false
Wrathchild,Killers,Iron Maiden,false
Been Caught Stealing,Ritual De Lo Habitual,Jane's Addiction,false
Mountain Song,Nothing's Shocking,Jane's Addiction,false
Stop!,Ritual De Lo Habitual,Jane's Addiction,false
Piece of My Heart,Flash Back Internacional,Janis Joplin,false
Forget Her,Grace,Jeff Buckley,false
"Lover, You Should've Come Over",Grace,Jeff Buckley,false
Somebody to Love,Surrealistic Pillow,Jefferson Airplane,false
White Rabbit,Surrealistic Pillow,Jefferson Airplane,false
Are You Gonna Be My Girl,Get Born,Jet,false
All Along the Watchtower,Electric Ladyland,Jimi Hendrix,false
Crosstown Traffic,Electric Ladyland,Jimi Hendrix,false
Fire,Are You Experienced,Jimi Hendrix,false
Foxey Lady,Experience Hendrix: The Best Of Jimi Hendrix,Jimi Hendrix,false
Hey Joe,Are You Experienced,Jimi Hendrix,false
Purple Haze,Are You Experienced,Jimi Hendrix,false
Pain,Futures,Jimmy Eat World,false
Sweetness,Bleed American,Jimmy Eat World,false
The Middle,Bleed American,Jimmy Eat World,false
A Praise Chorus,Bleed American,"Jimmy Eat World,Davey Vonbohlen",false
Bad Reputation,Bad Reputation (Expanded Edition),Joan Jett & the Blackhearts,false
I Hate Myself for Loving You,Up Your Alley,Joan Jett & the Blackhearts,false
I Love Rock 'N Roll,I Love Rock 'N' Roll (Expanded Edition),Joan Jett & the Blackhearts,false
Crimson and Clover,Live New York '82,"Joan Jett & the Blackhearts,the Blackhearts",false
Summer in the City,Have a Little Faith,Joe Cocker,false
Blaze Of Glory - From Young Guns II Soundtrack,Blaze Of Glory,Jon Bon Jovi,false
Any Way You Want It,Departure,Journey,false
Don't Stop Believin',Escape,Journey,false
Separate Ways (Worlds Apart),Frontiers (2023 Remaster),Journey,false
Disorder,Unknown Pleasures (Collector's Edition),Joy Division,false
Love Will Tear Us Apart,Love Will Tear Us Apart,Joy Division,false
She's Lost Control,Unknown Pleasures (Collector's Edition),Joy Division,false
Transmission,Transmission,Joy Division,false
Breaking the Law,British Steel,Judas Priest,false
Living After Midnight,British Steel,Judas Priest,false
Turbo Lover,Turbo 30,Judas Priest,false
You've Got Another Thing Coming,Screaming For Vengeance (Expanded Edition),Judas Priest,false
Babooshka,Never for Ever (2018 Remaster),Kate Bush,false
Running Up That Hill (A Deal With God),Hounds Of Love,Kate Bush,false
Nightcall,Nightcall,Kavinsky,false
My Curse,As Daylight Dies,Killswitch Engage,false
My Last Serenade,Alive or Just Breathing (Topshelf Edition),Killswitch Engage,false
The End of Heartache,The End of Heartache,Killswitch Engage,false
When Darkness Falls,The End of Heartache,Killswitch Engage,false
Closer,Only By The Night,Kings of Leon,false
Sex on Fire,Only By The Night,Kings of Leon,false
All Day and All of the Night,Kinks,The Kinks,false
Lola,"Lola Versus Powerman and the Moneygoround, Pt. 1",The Kinks,false
You Really Got Me,Kinks,The Kinks,false
Crazy Crazy Nights,Crazy Nights,KISS,false
Detroit Rock City,Double Platinum,KISS,false
God Gave Rock 'N' Roll To You II,Revenge,KISS,false
I Was Made For Lovin' You,Dynasty,KISS,false
Lick It Up,Lick It Up,KISS,false
Love Gun,Love Gun,KISS,false
Rock And Roll All Nite,Dressed To Kill,KISS,false
Strutter,Kiss,KISS,false
Blind,Korn,Korn,false
Coming Undone,See You On the Other Side,Korn,false
Falling Away from Me,Issues,Korn,false
Freak On a Leash,Follow The Leader,Korn,false
Got the Life,Follow The Leader,Korn,false
Here To Stay,Untouchables,Korn,false
Twisted Transistor,See You On the Other Side,Korn,false
Word Up!,Word Up! (The Remixes),Korn,false
Y'all Want a Single,Take A Look In The Mirror,Korn,false
Pretend We're Dead,Bricks Are Heavy,L7,false
Shitlist,Bricks Are Heavy,L7,false
Heaven's a Lie,Comalies,Lacuna Coil,false
Our Truth,Karmacode,Lacuna Coil,false
Swamped,Comalies,Lacuna Coil,false
Laid to Rest,Ashes of the Wake (15th Anniversary),Lamb of God,false
Now You've Got Something to Die For,Ashes of the Wake (15th Anniversary),Lamb of God,false
Omerta,Ashes of the Wake (15th Anniversary),Lamb of God,false
Redneck,Sacrament (15th Anniversary Edition),Lamb of God,false
Immigrant Song,Led Zeppelin III (Remaster),Led Zeppelin,false
Rock and Roll,Led Zeppelin IV,Led Zeppelin,false
Whole Lotta Love - 1990 Remaster,Led Zeppelin II (1994 Remaster),Led Zeppelin,false
Steal My Sunshine,You Can't Stop The Bum Rush,LEN,false
Always On The Run,Mama Said,Lenny Kravitz,false
American Woman,5,Lenny Kravitz,false
Are You Gonna Go My Way,Are You Gonna Go My Way,Lenny Kravitz,false
All My Best Friends Are Metalheads,Hello Rockview,Less Than Jake,false
Break Stuff,Significant Other,Limp Bizkit,false
Eat You Alive,Results May Vary,Limp Bizkit,false
Faith,"Three Dollar Bill, Y'all $",Limp Bizkit,false
My Generation,Chocolate Starfish And The Hot Dog Flavored Water,Limp Bizkit,false
My Way,Chocolate Starfish And The Hot Dog Flavored Water,Limp Bizkit,false
Nookie,Significant Other,Limp Bizkit,false
Rollin' (Air Raid Vehicle),Chocolate Starfish And The Hot Dog Flavored Water,Limp Bizkit,false
Take A Look Around,Chocolate Starfish And The Hot Dog Flavored Water,Limp Bizkit,false
Bleed It Out,Minutes to Midnight,Linkin Park,false
Breaking the Habit,Meteora (Bonus Edition),Linkin Park,false
Crawling,Hybrid Theory (Bonus Edition),Linkin Park,false
Faint,Meteora,Linkin Park,false
Given Up,Minutes to Midnight,Linkin Park,false
Heavy is the Crown,,Linkin Park,true
In the End,Hybrid Theory (Bonus Edition),Linkin Park,false
Numb,Meteora,Linkin Park,false
One Step Closer,Hybrid Theory (Bonus Edition),Linkin Park,false
Papercut,Hybrid Theory (Bonus Edition),Linkin Park,false
Points of Authority,Hybrid Theory (Bonus Edition),Linkin Park,false
Somewhere I Belong,Meteora (Bonus Edition),Linkin Park,false
The Emptiness Machine,,Linkin Park,true
What I've Done,Minutes to Midnight,Linkin Park,false
With You,Hybrid Theory (Bonus Edition),Linkin Park,false
My Own Worst Enemy,A Place In The Sun,Lit,false
Cult of Personality (2023 Remaster),Vivid (2023 Remaster),Living Colour,false
Free Bird,Pronounced' Leh-'Nerd 'Skin-'Nerd,Lynyrd Skynyrd,false
Gimme Three Steps,Pronounced' Leh-'Nerd 'Skin-'Nerd,Lynyrd Skynyrd,false
Sweet Home Alabama,Second Helping (Expanded Edition),Lynyrd Skynyrd,false
Davidian,Burn My Eyes,Machine Head,false
Baggy Trousers,Absolutely,Madness,false
One Step Beyond,One Step Beyond (35th Anniversary),Madness,false
Warriors of the World United,Warriors of the World,Manowar,false
Sex & Candy,Marcy Playground,Marcy Playground,false
I Don't Like The Drugs (But The Drugs Like Me),Mechanical Animals,Marilyn Manson,false
mOBSCENE,The Golden Age Of Grotesque,Marilyn Manson,false
Rock Is Dead,Mechanical Animals,Marilyn Manson,false
The Beautiful People,Antichrist Superstar,Marilyn Manson,false
The Dope Show,Mechanical Animals,Marilyn Manson,false
This Is The New Shit,The Golden Age Of Grotesque,Marilyn Manson,false
Tourniquet,Antichrist Superstar,Marilyn Manson,false
The Widow,Frances the Mute,The Mars Volta,false
Blood and Thunder,Leviathan,Mastodon,false
I'd Do Anything For Love (But I Won't Do That),Bat Out Of Hell II: Back Into Hell (Deluxe),Meat Loaf,false
Paradise By the Dashboard Light,Bat Out Of Hell,Meat Loaf,false
Dead Ringer for Love (with Cher),Dead Ringer,"Meat Loaf,Cher",false
A Tout Le Monde,Youthanasia (Expanded Edition - Remastered),Megadeth,false
Angry Again,Hidden Treasures,Megadeth,false
Hangar 18,Rust In Peace (2004 Remix / Expanded Edition),Megadeth,false
Holy Wars...The Punishment Due,Rust In Peace (2004 Remix / Expanded Edition),Megadeth,false
No More Mr. Nice Guy,Hidden Treasures,Megadeth,false
Peace Sells,Peace Sells...But Who's Buying? (Expanded Edition - Remastered),Megadeth,false
Reckoning Day,Youthanasia (Expanded Edition - Remastered),Megadeth,false
Symphony Of Destruction,Countdown To Extinction (Expanded Edition - Remastered),Megadeth,false
Tornado Of Souls,Rust In Peace (2004 Remix / Expanded Edition),Megadeth,false
Battery,Master Of Puppets,Metallica,false
Enter Sandman,Metallica,Metallica,false
For Whom The Bell Tolls,Ride The Lightning (Deluxe / Remastered),Metallica,false
Fuel,Reload,Metallica,false
I Disappear,I Disappear,Metallica,false
No Leaf Clover,S&M,Metallica,false
Nothing Else Matters,Metallica,Metallica,false
Sad But True,Metallica,Metallica,false
So What,Garage Inc.,Metallica,false
Until It Sleeps,Load,Metallica,false
The Memory Remains,Reload,"Metallica,Marianne Faithfull",false
Jesus Built My Hotrod,KE*A*H** (Psalm 69),Ministry,false
N.W.O.,KE*A*H** (Psalm 69),Ministry,false
What About Us?,Greatest Fits,Ministry,false
"Die, Die My Darling","Earth A.D. / Die, Die My Darling",Misfits,false
Dig Up Her Bones,American Psycho,Misfits,false
Helena,Famous Monsters,Misfits,false
Hybrid Moments,The Misfits Box Set,Misfits,false
Last Caress,The Misfits Box Set,Misfits,false
Saturday Night,Famous Monsters,Misfits,false
Astro Zombies,Collection,"Misfits,Glenn Danzig",false
Skulls,Collection,"Misfits,Glenn Danzig",false
Where Eagles Dare,Collection,"Misfits,Glenn Danzig",false
Suedehead,Viva Hate,Morrissey,false
You Have Killed Me,Ringleader of the Tormentors,Morrissey,false
Another Life,Disguise,Motionless In White,false
"Girls, Girls, Girls","Girls, Girls, Girls",Mötley Crüe,false
Home Sweet Home,Theatre of Pain,Mötley Crüe,false
Kickstart My Heart,Dr. Feelgood,Mötley Crüe,false
Live Wire,Too Fast For Love,Mötley Crüe,false
Looks That Kill,Shout At The Devil,Mötley Crüe,false
Same Ol' Situation (S.O.S.),Dr. Feelgood (40th Anniversary;2021 - Remaster),Mötley Crüe,false
Shout at the Devil,Shout At The Devil,Mötley Crüe,false
Smokin' In The Boys Room,Theatre of Pain (40th Anniversary; 2021 - Remaster),Mötley Crüe,false
Too Young to Fall in Love,Shout At The Devil,Mötley Crüe,false
Ace of Spades,Ace of Spades (Expanded Edition),Motörhead,false
Killed by Death,All the Aces,Motörhead,false
Overkill,Overkill (Expanded Edition),Motörhead,false
Born For The Game,HBN ENT Presents: Lit Mode,"Motorhead2x,Project Pat",false
Pink Cigarette,California,Mr. Bungle,false
Dig,L.D. 50,Mudvayne,false
Happy?,Lost and Found,Mudvayne,false
Not Falling,The End Of All Things To Come,Mudvayne,false
Feeling Good,Origin of Symmetry,Muse,false
Hysteria,Absolution,Muse,false
New Born,Origin of Symmetry,Muse,false
Plug in Baby,Origin of Symmetry,Muse,false
Stockholm Syndrome,Absolution,Muse,false
Sunburn,Showbiz,Muse,false
Supermassive Black Hole,Black Holes and Revelations,Muse,false
Time is Running Out,Absolution,Muse,false
Undisclosed Desires,The Resistance,Muse,false
Uprising,The Resistance,Muse,false
Dead!,The Black Parade,My Chemical Romance,false
Helena,Three Cheers for Sweet Revenge,My Chemical Romance,false
House of Wolves,The Black Parade,My Chemical Romance,false
I Don't Love You,The Black Parade,My Chemical Romance,false
I'm Not Okay (I Promise),Three Cheers for Sweet Revenge,My Chemical Romance,false
Na Na Na (Na Na Na Na Na Na Na Na Na),Danger Days: The True Lives of the Fabulous Killjoys,My Chemical Romance,false
Teenagers,The Black Parade,My Chemical Romance,false
Thank You for the Venom,Three Cheers for Sweet Revenge,My Chemical Romance,false
The Ghost of You,Three Cheers for Sweet Revenge,My Chemical Romance,false
Welcome to the Black Parade,The Black Parade,My Chemical Romance,false
You Know What They Do to Guys Like Us in Prison,Three Cheers for Sweet Revenge,My Chemical Romance,false
Bizarre Love Triangle,Brotherhood (Collector's Edition),New Order,false
Blue Monday,Substance,New Order,false
True Faith,Substance,New Order,false
How You Remind Me,Silver Side Up,Nickelback,false
Photograph,All the Right Reasons,Nickelback,false
Rockstar,All the Right Reasons (Walmart Exclusive Edition),Nickelback,false
Nemo,Once,Nightwish,false
Sleeping Sun,Oceanborn,Nightwish,false
The Phantom Of The Opera,Century Child,Nightwish,false
Wish I Had an Angel,Once,Nightwish,false
Closer,The Downward Spiral,Nine Inch Nails,false
Dead Souls,,Nine Inch Nails,true
Every Day Is Exactly The Same,,Nine Inch Nails,true
Head Like A Hole,Pretty Hate Machine,Nine Inch Nails,false
March Of The Pigs,The Downward Spiral,Nine Inch Nails,false
Only,,Nine Inch Nails,true
Sin,Pretty Hate Machine,Nine Inch Nails,false
Terrible Lie,,Nine Inch Nails,true
The Hand That Feeds,With Teeth (Bonus Tracks),Nine Inch Nails,false
The Perfect Drug,Lost Highway,Nine Inch Nails,false
Wish,Broken,Nine Inch Nails,false
All Apologies,In Utero,Nirvana,false
Breed,Nevermind,Nirvana,false
Come As You Are,Nevermind,Nirvana,false
Drain You,Nevermind,Nirvana,false
Dumb,In Utero,Nirvana,false
Heart-Shaped Box,In Utero,Nirvana,false
In Bloom,Nevermind,Nirvana,false
Lithium,Nevermind,Nirvana,false
Lounge Act,Nevermind,Nirvana,false
Love Buzz,Bleach,Nirvana,false
Negative Creep,Bleach,Nirvana,false
On A Plain,Nevermind,Nirvana,false
Rape Me,In Utero,Nirvana,false
Sliver,Incesticide,Nirvana,false
Smells Like Teen Spirit,Nevermind,Nirvana,false
Territorial Pissings,Nevermind,Nirvana,false
You Know You're Right,Nirvana,Nirvana,false
Don't Speak,Tragic Kingdom,No Doubt,false
Hella Good,Rock Steady (Expanded Edition),No Doubt,false
Just A Girl,Tragic Kingdom,No Doubt,false
Spiderwebs,Tragic Kingdom,No Doubt,false
Linoleum,Punk In Drublic,NOFX,false
Come Out and Play,Smash,The Offspring,false
Pretty Fly (For A White Guy),ドライブが楽しくなる洋楽ヒッツ！90年代 ROCK,The Offspring,false
Self Esteem,Smash,The Offspring,false
The Kids Aren't Alright,Americana,The Offspring,false
Want You Bad,Conspiracy Of One,The Offspring,false
Why Don't You Get A Job,Americana,The Offspring,false
Dead Man's Party,Dead Man's Party,Oingo Boingo,false
No One Lives Forever,Dead Man's Party,Oingo Boingo,false
Crazy Train,Blizzard Of Ozz (40th Anniversary Expanded Edition),Ozzy Osbourne,false
I Don't Know,Blizzard Of Ozz (40th Anniversary Expanded Edition),Ozzy Osbourne,false
"Mama, I'm Coming Home",No More Tears (Expanded Edition),Ozzy Osbourne,false
No More Tears,No More Tears (Expanded Edition),Ozzy Osbourne,false
Shot in the Dark,The Ultimate Sin,Ozzy Osbourne,false
Alive,Satellite (U.S. Version),P.O.D.,false
Youth of the Nation,Satellite (U.S. Version),P.O.D.,false
High Hopes,Pray for the Wicked,Panic! At The Disco,false
House of Memories,Death of a Bachelor,Panic! At The Disco,false
I Write Sins Not Tragedies,A Fever You Can't Sweat Out,Panic! At The Disco,false
5 Minutes Alone,Far Beyond Driven,Pantera,false
Cowboys from Hell,Cowboys from Hell,Pantera,false
Domination,Cowboys from Hell,Pantera,false
Fucking Hostile,Vulgar Display of Power (Expanded),Pantera,false
Hollow,Vulgar Display of Power,Pantera,false
I'm Broken,Far Beyond Driven,Pantera,false
Mouth for War,Vulgar Display of Power,Pantera,false
This Love,Vulgar Display of Power,Pantera,false
Walk,Vulgar Display of Power,Pantera,false
Between Angels And Insects,Infest,Papa Roach,false
Last Resort,Infest,Papa Roach,false
Scars,Getting Away With Murder,Papa Roach,false
All I Wanted,Brand New Eyes,Paramore,false
Brick by Boring Brick,Brand New Eyes,Paramore,false
crushcrushcrush,Riot!,Paramore,false
Decode,Brand New Eyes,Paramore,false
Ignorance,Brand New Eyes,Paramore,false
Misery Business,Riot!,Paramore,false
Still into You,Paramore,Paramore,false
That's What You Get,Riot!,Paramore,false
The Only Exception,Brand New Eyes,Paramore,false
Alive,Ten,Pearl Jam,false
Better Man,Vitalogy,Pearl Jam,false
Even Flow,Ten,Pearl Jam,false
Jeremy,,Pearl Jam,true
Judith,Mer De Noms,A Perfect Circle,false
Passive,eMOTIVe,A Perfect Circle,false
Pet,Thirteenth Step,A Perfect Circle,false
The Outsider,Thirteenth Step,A Perfect Circle,false
Digging In The Dirt,Us,Peter Gabriel,false
Shock The Monkey,Peter Gabriel 4: Security,Peter Gabriel,false
Cuts You Up,Deep,Peter Murphy,false
Another Brick In The Wall (Part 2),Pulse,Pink Floyd,false
Wish You Were Here,A Collection Of Great Dance Songs,Pink Floyd,false
Debaser,Doolittle,Pixies,false
Gigantic,Surfer Rosa (2007 Remaster),Pixies,false
Here Comes Your Man,Doolittle,Pixies,false
Hey,Doolittle,Pixies,false
Monkey Gone to Heaven,Doolittle,Pixies,false
Wave Of Mutilation,Doolittle,Pixies,false
Where Is My Mind?,Surfer Rosa (2007 Remaster),Pixies,false
Down By The Water,To Bring You My Love,PJ Harvey,false
Every You Every Me,Without You I'm Nothing,Placebo,false
Nancy Boy,Placebo,Placebo,false
Pure Morning,Without You I'm Nothing,Placebo,false
Running Up That Hill,Covers,Placebo,false
The Bitter End,Sleeping With Ghosts,Placebo,false
Meds,Meds,"Placebo,Alison Mosshart",false
Every Rose Has Its Thorn,Open Up And Say...Ahh!,Poison,false
Nothin' But A Good Time,,Poison,true
Talk Dirty To Me,Look What The Cat Dragged In - 20th Anniversary Edition,Poison,false
Unskinny Bop,Flesh & Blood,Poison,false
Your Mama Don't Dance,Open Up And Say...Ahh!,Poison,false
Can't Stand Losing You,Outlandos D'Amour (Remastered 2003),The Police,false
Message In A Bottle,Reggatta De Blanc (Remastered 2003),The Police,false
Glory Box,Dummy,Portishead,false
Sour Times,Dummy,Portishead,false
Lump,The Presidents of The United States of America: Ten Year Super Bonus Special Anniversary Edition,The Presidents Of The United States Of America,false
Peaches,The Presidents of The United States of America: Ten Year Super Bonus Special Anniversary Edition,The Presidents Of The United States Of America,false
Heaven Knows,Going to Hell,The Pretty Reckless,false
Make Me Wanna Die,Light Me Up,The Pretty Reckless,false
My Medicine,Light Me Up,The Pretty Reckless,false
Take Me Down,Who You Selling For,The Pretty Reckless,false
Jerry Was A Race Car Driver,Sailing The Seas Of Cheese,Primus,false
John The Fisherman,They Can't All Be Zingers,Primus,false
Tommy The Cat,Sailing The Seas Of Cheese,Primus,false
Wynona's Big Brown Beaver,Tales From The Punchbowl,Primus,false
Blurry,Come Clean,Puddle Of Mudd,false
Control,Come Clean,Puddle Of Mudd,false
She Hates Me,Come Clean,Puddle Of Mudd,false
Another One Bites The Dust,The Game,Queen,false
Bohemian Rhapsody,A Night At The Opera,Queen,false
Breakthru,The Miracle,Queen,false
Crazy Little Thing Called Love,The Game,Queen,false
Don't Stop Me Now,Jazz,Queen,false
Fat Bottomed Girls,Jazz,Queen,false
Flash,Flash Gordon,Queen,false
Hammer To Fall,Greatest Hits II,Queen,false
I Want To Break Free,The Works,Queen,false
It'S A Kind Of Magic (Highlander),Highlander - Best Of Fantasy,Queen,false
Killer Queen,Sheer Heart Attack,Queen,false
One Vision,A Kind Of Magic,Queen,false
Somebody To Love,A Day At The Races,Queen,false
Stone Cold Crazy,Sheer Heart Attack,Queen,false
The Show Must Go On,Innuendo,Queen,false
Too Much Love Will Kill You,Made In Heaven,Queen,false
We Are The Champions,News Of The World,Queen,false
We Will Rock You,News Of The World,Queen,false
Who Wants To Live Forever,Greatest Hits II,Queen,false
You're My Best Friend,A Night At The Opera,Queen,false
Under Pressure,Hot Space,"Queen,David Bowie",false
3's & 7's,Era Vulgaris,Queens of the Stone Age,false
Go With The Flow,Songs For The Deaf,Queens of the Stone Age,false
I Sat by the Ocean,...Like Clockwork,Queens of the Stone Age,false
Little Sister,Lullabies To Paralyze,Queens of the Stone Age,false
Make It Wit Chu,Era Vulgaris,Queens of the Stone Age,false
No One Knows,Songs For The Deaf,Queens of the Stone Age,false
The Lost Art Of Keeping A Secret,Rated R - Deluxe Edition,Queens of the Stone Age,false
The Way You Used To Do,Villains,Queens of the Stone Age,false
"You Think I Ain't Worth A Dollar, But I Feel Like A Millionaire",Songs For The Deaf,Queens of the Stone Age,false
Breaking The Silence,Operation: Mindcrime,Queensrÿche,false
Cum on Feel the Noize,Metal Health,Quiet Riot,false
Metal Health (Bang Your Head),Metal Health,Quiet Riot,false
It's The End Of The World As We Know It (And I Feel Fine),Document (R.E.M. No. 5),R.E.M.,false
Losing My Religion,Out Of Time (25th Anniversary Edition),R.E.M.,false
Man On The Moon,Automatic For The People,R.E.M.,false
Orange Crush,"R.E.M.'s Top Forty Playlist (according to Berry, Buck, Mills and Stipe)",R.E.M.,false
The One I Love,Document - 25th Anniversary Edition,R.E.M.,false
"What’s The Frequency, Kenneth?","R.E.M.'s Top Forty Playlist (according to Berry, Buck, Mills and Stipe)",R.E.M.,false
Burn the Witch,A Moon Shaped Pool,Radiohead,false
Creep,Pablo Honey,Radiohead,false
High and Dry,The Bends,Radiohead,false
Just,The Bends,Radiohead,false
Karma Police,OK Computer,Radiohead,false
My Iron Lung,The Bends,Radiohead,false
Street Spirit (Fade Out),The Bends,Radiohead,false
Renegades Of Funk,Renegades,Rage Against The Machine,false
Since You Been Gone,Down To Earth,Rainbow,false
Amerika,"Reise, Reise",Rammstein,false
Angst,Zeit,Rammstein,false
Benzin,Rosenrot,Rammstein,false
Deutschland,Rammstein,Rammstein,false
Dicke Titten,Zeit,Rammstein,false
Du hast,Sehnsucht (Anniversary Edition - Remastered),Rammstein,false
Du riechst so gut,Herzeleid (XXV Anniversary Edition – Remastered),Rammstein,false
Engel,Sehnsucht (Anniversary Edition - Remastered),Rammstein,false
Feuer frei!,Mutter,Rammstein,false
Ich will,Mutter,Rammstein,false
Keine Lust,"Reise, Reise",Rammstein,false
Mein Teil,"Reise, Reise",Rammstein,false
Ohne dich,"Reise, Reise",Rammstein,false
Pussy,Liebe ist für alle da,Rammstein,false
Sonne,Mutter,Rammstein,false
"Baby, I Love You",End of the Century (Expanded 2005 Remaster),Ramones,false
Blitzkrieg Bop,Ramones (40th Anniversary Deluxe Edition; 2016 Remaster),Ramones,false
I Wanna Be Sedated,Road to Ruin (40th Anniversary Deluxe Edition),Ramones,false
Pet Sematary,Brain Drain,Ramones,false
Sheena Is a Punk Rocker,Rocket to Russia (40th Anniversary Deluxe Edition),Ramones,false
Roots Radical,...And Out Come The Wolves,Rancid,false
Ruby Soho,...And Out Come The Wolves,Rancid,false
Time Bomb,...And Out Come The Wolves,Rancid,false
In the Shadows,Dead Letters,The Rasmus,false
Round and Round,The Essentials: Ratt,Ratt,false
Aeroplane,One Hot Minute,Red Hot Chili Peppers,false
Around the World,Californication,Red Hot Chili Peppers,false
Breaking the Girl,Blood Sugar Sex Magik,Red Hot Chili Peppers,false
Californication,Californication,Red Hot Chili Peppers,false
Can't Stop,By the Way,Red Hot Chili Peppers,false
Dani California,Stadium Arcadium,Red Hot Chili Peppers,false
Fortune Faded,Greatest Hits,Red Hot Chili Peppers,false
Give It Away,Blood Sugar Sex Magik,Red Hot Chili Peppers,false
Otherside,Californication,Red Hot Chili Peppers,false
Scar Tissue,Californication,Red Hot Chili Peppers,false
Soul to Squeeze,Greatest Hits,Red Hot Chili Peppers,false
Suck My Kiss,Blood Sugar Sex Magik,Red Hot Chili Peppers,false
Under the Bridge,Blood Sugar Sex Magik,Red Hot Chili Peppers,false
Savior,Appeal To Reason,Rise Against,false
Swing Life Away,Siren Song Of The Counter-Culture,Rise Against,false
Dragula,Hellbilly Deluxe,Rob Zombie,false
Living Dead Girl,Hellbilly Deluxe,Rob Zombie,false
Superbeast,Hellbilly Deluxe,Rob Zombie,false
(I Can't Get No) Satisfaction,Out Of Our Heads,The Rolling Stones,false
Brown Sugar,Sticky Fingers,The Rolling Stones,false
Gimme Shelter,Let It Bleed,The Rolling Stones,false
Jumpin' Jack Flash,Forty Licks,The Rolling Stones,false
Love Is Strong,Voodoo Lounge (Remastered 2009),The Rolling Stones,false
"Paint It, Black",Aftermath,The Rolling Stones,false
Start Me Up,Tattoo You (2009 Re-Mastered),The Rolling Stones,false
Sympathy For The Devil,Beggars Banquet (50th Anniversary Edition),The Rolling Stones,false
Under My Thumb,Aftermath,The Rolling Stones,false
Walk This Way (feat. Aerosmith),Raising Hell,"Run–D.M.C.,Aerosmith",false
Cherry Bomb,The Runaways,The Runaways,false
Limelight,Moving Pictures,Rush,false
Tom Sawyer,Moving Pictures,Rush,false
Hurricane,Scorpions,Scorpions,false
Wind Of Change,Crazy World,Scorpions,false
Refuse / Resist,Chaos A.D.,Sepultura,false
Roots Bloody Roots,Roots,Sepultura,false
Empty Walls,Elect the Dead (Deluxe),Serj Tankian,false
Stay,Hormonally Yours (Remastered and Expanded),Shakespears Sister,false
Hurry Up Harry,Angels With Dirty Faces,Sham 69,false
Tear You Apart,,She Wants Revenge,true
These Things,,She Wants Revenge,true
A Symptom Of Being Human,Planet Zero,Shinedown,false
Cities In Dust,Tinderbox,Siouxsie and the Banshees,false
Face To Face,Superstition (Expanded Edition),Siouxsie and the Banshees,false
Happy House,Kaleidoscope (Remastered & Expanded),Siouxsie and the Banshees,false
Peek-A-Boo,Peepshow (Remastered And Expanded),Siouxsie and the Banshees,false
Spellbound,Juju,Siouxsie and the Banshees,false
18 and Life,Skid Row,Skid Row,false
Youth Gone Wild,Skid Row,Skid Row,false
Brazen (Weep),Stoosh,Skunk Anansie,false
Hedonism (Just Because You Feel Good),Stoosh,Skunk Anansie,false
Twisted (Everyday Hurts),Stoosh,Skunk Anansie,false
Weak,Paranoid & Sunburnt,Skunk Anansie,false
Angel Of Death,Reign In Blood (Expanded),Slayer,false
Dead Skin Mask,Seasons In The Abyss,Slayer,false
Raining Blood,Reign In Blood (Expanded),Slayer,false
South Of Heaven,South Of Heaven,Slayer,false
War Ensemble,Seasons In The Abyss,Slayer,false
Alkaline,,Sleep Token,true
Blood Sport,,Sleep Token,true
Chokehold,,Sleep Token,true
Rain,,Sleep Token,true
The Offering,,Sleep Token,true
The Summoning,,Sleep Token,true
(sic),Slipknot (10th Anniversary Edition),Slipknot,false
Before I Forget,Vol. 3: The Subliminal Verses,Slipknot,false
Duality,Vol. 3: The Subliminal Verses,Slipknot,false
People = Shit,Iowa,Slipknot,false
Psychosocial,All Hope Is Gone (10th Anniversary),Slipknot,false
Snuff,All Hope Is Gone,Slipknot,false
Spit It Out,Slipknot (10th Anniversary Edition),Slipknot,false
The Heretic Anthem,Iowa,Slipknot,false
Unsainted,We Are Not Your Kind,Slipknot,false
"Vermilion, Pt. 2",Vol. 3: The Subliminal Verses,Slipknot,false
Wait and Bleed,Slipknot (10th Anniversary Edition),Slipknot,false
1979,Mellon Collie And The Infinite Sadness,The Smashing Pumpkins,false
Ava Adore,Adore (Super Deluxe),The Smashing Pumpkins,false
Bullet With Butterfly Wings,Mellon Collie And The Infinite Sadness,The Smashing Pumpkins,false
Disarm,Siamese Dream,The Smashing Pumpkins,false
Perfect,Adore (Super Deluxe),The Smashing Pumpkins,false
The Beginning Is The End Is The Beginning,Adore (Super Deluxe),The Smashing Pumpkins,false
Today,(Rotten Apples) The Smashing Pumpkins Greatest Hits,The Smashing Pumpkins,false
"Tonight, Tonight",Mellon Collie And The Infinite Sadness,The Smashing Pumpkins,false
Zero,Mellon Collie And The Infinite Sadness,The Smashing Pumpkins,false
Ask,Louder Than Bombs,The Smiths,false
Bigmouth Strikes Again,The Queen Is Dead,The Smiths,false
Girlfriend in a Coma,"Strangeways, Here We Come",The Smiths,false
Heaven Knows I'm Miserable Now,Hatful of Hollow,The Smiths,false
How Soon Is Now?,Hatful of Hollow,The Smiths,false
I Started Something I Couldn't Finish,"Strangeways, Here We Come",The Smiths,false
Panic,Louder Than Bombs,The Smiths,false
Sheila Take a Bow,Louder Than Bombs,The Smiths,false
Stop Me If You Think You've Heard This One Before,"Strangeways, Here We Come",The Smiths,false
This Charming Man,The Smiths,The Smiths,false
Unhappy Birthday,"Strangeways, Here We Come",The Smiths,false
What Difference Does It Make?,The Smiths,The Smiths,false
Sex Dwarf,Non-Stop Erotic Cabaret,Soft Cell,false
Tainted Love,Non-Stop Erotic Cabaret,Soft Cell,false
Halo,,Soil,true
Black Hole Sun,Superunknown,Soundgarden,false
Burden In My Hand,Down On The Upside,Soundgarden,false
Fell On Black Days,Superunknown,Soundgarden,false
Outshined,Badmotorfinger (25th Anniversary Remaster),Soundgarden,false
Pretty Noose,Down On The Upside,Soundgarden,false
Rusty Cage,Badmotorfinger (25th Anniversary Remaster),Soundgarden,false
Spoonman,Superunknown (20th Anniversary),Soundgarden,false
A Message to You Rudy,The Specials,The Specials,false
Circle With Me,Eternal Blue,Spiritbox,false
It's Been Awhile,Break the Cycle,Staind,false
Outside,Break the Cycle,Staind,false
We Built This City,Knee Deep In The Hoopla,Starship,false
Push It,Wisconsin Death Trip,Static-X,false
Edge of Seventeen,Bella Donna (2016 Remastered),Stevie Nicks,false
Dead & Bloated,Core,Stone Temple Pilots,false
Interstate Love Song,Purple (2019 Remaster),Stone Temple Pilots,false
Plush,Core,Stone Temple Pilots,false
Sex Type Thing,Core (Super Deluxe Edition),Stone Temple Pilots,false
Vasoline,Purple (2019 Remaster),Stone Temple Pilots,false
I Wanna Be Your Dog,The Stooges,The Stooges,false
Search and Destroy,Raw Power (Iggy Mix - 2023 Remaster),The Stooges,false
Last Nite,Is This It,The Strokes,false
Santeria,Sublime,Sublime,false
What I Got,Sublime,Sublime,false
Institutionalized,Suicidal Tendencies,Suicidal Tendencies,false
You Can't Bring Me Down,Lights...Camera...Revolution,Suicidal Tendencies,false
Fat Lip,"All Killer, No Filler",Sum 41,false
In Too Deep,"All Killer, No Filler",Sum 41,false
Burning Heart,Survivor Greatest Hits,Survivor,false
Eye of the Tiger,Eye Of The Tiger,Survivor,false
Ballroom Blitz,Rock Band Classics,Sweet,false
Aerials,Toxicity,System Of A Down,false
B.Y.O.B.,Mezmerize,System Of A Down,false
Bounce,Toxicity,System Of A Down,false
Chop Suey!,Toxicity,System Of A Down,false
Chop Suey!,Toxicity,System Of A Down,false
Cigaro,Mezmerize,System Of A Down,false
Deer Dance,Toxicity,System Of A Down,false
Forest,Toxicity,System Of A Down,false
I-E-A-I-A-I-O,Steal This Album!,System Of A Down,false
Lonely Day,Hypnotize,System Of A Down,false
Prison Song,Toxicity,System Of A Down,false
Question!,Mezmerize,System Of A Down,false
Radio/Video,Mezmerize,System Of A Down,false
Roulette,Steal This Album!,System Of A Down,false
Spiders,System Of A Down,System Of A Down,false
Sugar,System Of A Down,System Of A Down,false
Vicinity Of Obscenity,Hypnotize,System Of A Down,false
Violent Pornography,Mezmerize,System Of A Down,false
20th Century Boy,Tanx (The Visconti Master),T. Rex,false
Bang A Gong (Get It On),Bang A Gong (Get It On),T. Rex,false
Children of the Revolution,Tanx (The Visconti Master),T. Rex,false
It's My Life,It's My Life,Talk Talk,false
Life's What You Make It,The Colour of Spring,Talk Talk,false
Burning Down the House,Burning Down the House / I Get Wild / Wild Gravity,Talking Heads,false
Psycho Killer,Talking Heads '77,Talking Heads,false
Everybody Wants To Rule The World,Songs From The Big Chair (Super Deluxe Edition),Tears For Fears,false
Head Over Heels,Rule The World: The Greatest Hits,Tears For Fears,false
Mad World,The Hurting,Tears For Fears,false
Pale Shelter,The Hurting,Tears For Fears,false
Shout,Songs From The Big Chair,Tears For Fears,false
Fuck Her Gently,Tenacious D,Tenacious D,false
Kickapoo,The Pick Of Destiny,Tenacious D,false
Kielbasa,Tenacious D,Tenacious D,false
Master Exploder,The Pick Of Destiny,Tenacious D,false
Tribute,Tenacious D,Tenacious D,false
Wonderboy,Tenacious D,Tenacious D,false
Chinatown,Chinatown,Thin Lizzy,false
Cold Sweat,Thunder And Lightning,Thin Lizzy,false
Dancing In The Moonlight,Bad Reputation (Expanded Edition),Thin Lizzy,false
Don't Believe A Word,Johnny The Fox,Thin Lizzy,false
Emerald,Jailbreak,Thin Lizzy,false
The Boys Are Back In Town,Jailbreak,Thin Lizzy,false
Waiting For An Alibi,Black Rose,Thin Lizzy,false
Whiskey In The Jar,Shades Of A Blue Orphanage (Deluxe),Thin Lizzy,false
Semi-Charmed Life,Third Eye Blind,Third Eye Blind,false
Animal I Have Become,One-X,Three Days Grace,false
I Hate Everything About You,Three Days Grace,Three Days Grace,false
I Need to Know,You're Gonna Get It!,Tom Petty and the Heartbreakers,false
Refugee,Damn The Torpedoes,Tom Petty and the Heartbreakers,false
Hooker With A Penis,Ænima,TOOL,false
Prison Sex,Undertow,TOOL,false
Stinkfist,Ænima,TOOL,false
Cornflake Girl,Under the Pink,Tori Amos,false
Africa,Toto IV,TOTO,false
Hold the Line,Toto,TOTO,false
In Waves,In Waves,Trivium,false
Pull Harder on the Strings of Your Martyr,Ascendancy,Trivium,false
I Wanna Rock,Stay Hungry,Twisted Sister,false
We're Not Gonna Take It,Stay Hungry,Twisted Sister,false
Black No. 1 (Little Miss Scare -All),Bloody Kisses (Top Shelf Edition),Type O Negative,false
Christian Woman,Bloody Kisses (Top Shelf Edition),Type O Negative,false
I Don't Wanna Be Me,Life Is Killing Me,Type O Negative,false
My Girlfriend's Girlfriend,October Rust,Type O Negative,false
Summer Breeze,Bloody Kisses,Type O Negative,false
Everything About You,America's Least Wanted,Ugly Kid Joe,false
Teenage Kicks,The Anthology,The Undertones,false
The Bird and the Worm,Lies for the Liars,The Used,false
The Taste of Ink,The Used,The Used,false
Ain't Talkin' 'Bout Love,Van Halen,Van Halen,false
Hot for Teacher,1984,Van Halen,false
Jump,1984,Van Halen,false
Panama,1984,Van Halen,false
Runnin' with the Devil,Van Halen,Van Halen,false
Why Can't This Be Love,5150,Van Halen,false
Turning Japanese - Non Stop Edit,New Clear Days,The Vapors,false
Fall to Pieces,Contraband,Velvet Revolver,false
Slither,Contraband,Velvet Revolver,false
Seether,American Thighs,Veruca Salt,false
Sports,Street Worms,Viagra Boys,false
Blister In The Sun,Violent Femmes,Violent Femmes,false
Fade To Grey,Visage,Visage,false
The Devil's Bleeding Crown,Seal The Deal & Let's Boogie (Deluxe),Volbeat,false
Animal (Fuck Like A Beast),W.A.S.P.,W.A.S.P.,false
Wild Child,The Last Command,W.A.S.P.,false
Check Yes Juliet,We The Kings,We The Kings,false
Hash Pipe,Weezer,Weezer,false
Island In The Sun,Weezer,Weezer,false
Chaise Longue,Wet Leg,Wet Leg,false
Teenage Dirtbag,Wheatus,Wheatus,false
Fell In Love With a Girl,White Blood Cells,The White Stripes,false
My Doorbell,Get Behind Me Satan,The White Stripes,false
Seven Nation Army,Elephant,The White Stripes,false
More Human Than Human,"Astro Creep: 2000 Songs Of Love, Destruction And Other Synthetic Delusions Of The Electric Head",White Zombie,false
Thunder Kiss '65,La Sexorcisto: Devil Music Volume 1,White Zombie,false
Angels,The Silent Force,Within Temptation,false
Faster,The Unforgiving,Within Temptation,false
Memories,The Silent Force,Within Temptation,false
Stand My Ground,The Silent Force,Within Temptation,false
parents,weird!,YUNGBLUD,false