TITLE,ARTIST,IS_NEW
Back In Black,AC/DC,false
Dirty Deeds Done Dirt Cheap,AC/DC,false
Highway to Hell,AC/DC,false
It's a Long Way to the Top (If You Wanna Rock 'N' Roll),AC/DC,false
T.N.T.,AC/DC,false
Thunderstruck,AC/DC,false
Whole Lotta Rosie,AC/DC,false
You Shook Me All Night Long,AC/DC,false
Stand and Deliver,Adam & The Ants,false
Dream On,Aerosmith,false
Dude (Looks Like A Lady),Aerosmith,false
I Don't Want To Miss A Thing,Aerosmith,false
Janie's Got A Gun,Aerosmith,false
Rag Doll,Aerosmith,false
Sweet Emotion,Aerosmith,false
Forgiven,Alanis Morissette,false
Hand in My Pocket,Alanis Morissette,false
Ironic,Alanis Morissette,false
Not the Doctor,Alanis Morissette,false
Right Through You,Alanis Morissette,false
Uninvited,Alanis Morissette,false
You Oughta Know,Alanis Morissette,false
Black Velvet,Alannah Myles,false
This Could Be Anywhere in the World,Alexisonfire,false
Feed My Frankenstein,Alice Cooper,false
Poison,Alice Cooper,false
School's Out,Alice Cooper,false
Bleed The Freak,Alice In Chains,false
Down In A Hole,Alice In Chains,false
Man in the Box,Alice In Chains,false
Nutshell,Alice In Chains,false
Rooster,Alice In Chains,false
Them Bones,Alice In Chains,false
We Die Young,Alice In Chains,false
Would?,Alice In Chains,false
Dirty Little Secret,The All-American Rejects,false
"Swing, Swing",The All-American Rejects,false
Big in Japan,Alphaville,false
Forever Young,Alphaville,false
Open Your Eyes,Alter Bridge,false
The Pursuit Of Vikings,Amon Amarth,false
Twilight Of The Thunder God,Amon Amarth,false
House of the Rising Sun,The Animals,false
Caught In A Mosh,Anthrax,false
I Don't Care,Apocalyptica,false
Nemesis,Arch Enemy,false
Animals,Architects,false
Do I Wanna Know?,Arctic Monkeys,false
I Bet You Look Good On The Dancefloor,Arctic Monkeys,false
One Armed Scissor,At the Drive-In,false
Be Yourself,Audioslave,false
Cochise,Audioslave,false
Like a Stone,Audioslave,false
Bat Country,Avenged Sevenfold,false
Hail to the King,Avenged Sevenfold,false
Shepherd of Fire,Avenged Sevenfold,false
Complicated,Avril Lavigne,false
Sk8er Boi,Avril Lavigne,false
Love Shack,The B-52's,false
Private Idaho,The B-52's,false
Spaceman,Babylon Zoo,false
Like A Villain,Bad Omens,false
V.A.N,Bad Omens feat. Poppy,false
21st Century (Digital Boy),Bad Religion,false
American Jesus,Bad Religion,false
Infected,Bad Religion,false
One Week,Barenaked Ladies,false
Sabotage,Beastie Boys,false
Back In The U.S.S.R.,The Beatles,false
Come Together,The Beatles,false
Helter Skelter,The Beatles,false
I Am The Walrus,The Beatles,false
Twist And Shout,The Beatles,false
Rockin' the Suburbs,Ben Folds,false
Flesh For Fantasy,Billy Idol,false
Rebel Yell,Billy Idol,false
White Wedding,Billy Idol,false
Fallen Leaves,Billy Talent,false
Try Honesty,Billy Talent,false
Army Of Me,Björk,false
It's Oh So Quiet,Björk,false
Play Dead,Björk,false
Hard To Handle,The Black Crowes,false
Nervous Breakdown,Black Flag,false
Stillborn,Black Label Society,false
Changes,Black Sabbath,false
Children of the Grave,Black Sabbath,false
Heaven and Hell,Black Sabbath,false
Iron Man,Black Sabbath,false
N.I.B.,Black Sabbath,false
Paranoid,Black Sabbath,false
Snowblind,Black Sabbath,false
The Wizard,Black Sabbath,false
War Pigs,Black Sabbath,false
White Trash Millionaire,Black Stone Cherry,false
The Bard's Song,Blind Guardian,false
Adam's Song,blink-182,false
All The Small Things,blink-182,false
Feeling This,blink-182,false
I Miss You,blink-182,false
The Rock Show,blink-182,false
What's My Age Again?,blink-182,false
Call Me,Blondie,false
Call Me,Blondie,false
Hanging On The Telephone,Blondie,false
Heart Of Glass,Blondie,false
One Way Or Another,Blondie,false
Foxtrot Uniform Charlie Kilo,Bloodhound Gang,false
The Bad Touch,Bloodhound Gang,false
The Ballad Of Chasey Lain,Bloodhound Gang,false
(Don't Fear) The Reaper,Blue Öyster Cult,false
Beetlebum,Blur,false
Coffee & TV,Blur,false
Parklife,Blur,false
Song 2,Blur,false
Always,Bon Jovi,false
Bad Medicine,Bon Jovi,false
Livin' On A Prayer,Bon Jovi,false
Runaway,Bon Jovi,false
Wanted Dead Or Alive,Bon Jovi,false
You Give Love A Bad Name,Bon Jovi,false
Amanda,Boston,false
More Than a Feeling,Boston,false
Girl All the Bad Guys Want,Bowling For Soup,false
So Cold,Breaking Benjamin,false
The Diary of Jane,Breaking Benjamin,false
Cannonball,The Breeders,false
Drown,Bring Me The Horizon,false
Kingslayer (feat. BABYMETAL),Bring Me The Horizon,false
Shadow Moses,Bring Me The Horizon,false
Throne,Bring Me The Horizon,false
Smalltown Boy,Bronski Beat,false
Born to Run,Bruce Springsteen,false
Dancing In the Dark,Bruce Springsteen,false
All These Things I Hate (Revolve Around Me),Bullet For My Valentine,false
Tears Don't Fall,Bullet For My Valentine,false
Your Betrayal,Bullet For My Valentine,false
Everything Zen,Bush,false
Machinehead,Bush,false
The Chemicals Between Us,Bush,false
Ever Fallen in Love (With Someone You Shouldn't've?),Buzzcocks,false
I Will Survive,CAKE,false
The Distance,CAKE,false
Hammer Smashed Face,Cannibal Corpse,false
Just Like The Movies,Cars in Drive,false
I Want You to Want Me,Cheap Trick,false
Surrender,Cheap Trick,false
The Red,Chevelle,false
Are You Dead Yet?,Children Of Bodom,false
You Know My Name,Chris Cornell,false
Wicked Game,Chris Isaak,false
I Fought the Law,The Clash,false
London Calling,The Clash,false
Rock the Casbah,The Clash,false
Should I Stay or Should I Go,The Clash,false
Train in Vain (Stand by Me),The Clash,false
Electric Worry,Clutch,false
The Mob Goes Wild,Clutch,false
Loco,Coal Chamber,false
Heaven or Las Vegas,Cocteau Twins,false
Welcome Home,Coheed and Cambria,false
Clean My Wounds,Corrosion Of Conformity,false
Nymphetamine Fix,Cradle Of Filth,false
Goo Goo Muck,The Cramps,false
Human Fly,The Cramps,false
Zombie,The Cranberries,false
Sunshine Of Your Love,Cream,false
My Sacrifice,Creed,false
With Arms Wide Open,Creed,false
Fire Woman,The Cult,false
Rain,The Cult,false
She Sells Sanctuary,The Cult,false
A Night Like This,The Cure,false
Boys Don't Cry,The Cure,false
Close To Me,The Cure,false
Fascination Street,The Cure,false
Friday I'm In Love,The Cure,false
In Between Days,The Cure,false
Just Like Heaven,The Cure,false
Lovesong,The Cure,false
Lullaby,The Cure,false
The Lovecats,The Cure,false
The Walk,The Cure,false
(I Just) Died In Your Arms,Cutting Crew,false
New Rose,The Damned,false
Her Black Wings,Danzig,false
I'm The One,Danzig,false
Long Way Back From Hell,Danzig,false
Mother,Danzig,false
Twist Of Cain,Danzig,false
Growing on Me,The Darkness,false
I Believe in a Thing Called Love,The Darkness,false
Ashes to Ashes,David Bowie,false
Heroes,David Bowie,false
I'm Afraid Of Americans,David Bowie,false
Let's Dance,David Bowie,false
Life on Mars?,David Bowie,false
If It Means A Lot To You,A Day To Remember,false
California Uber Alles,Dead Kennedys,false
Holiday in Cambodia,Dead Kennedys,false
Too Drunk To Fuck,Dead Kennedys,false
Hush,Deep Purple,false
Smoke On The Water,Deep Purple,false
Animal,Def Leppard,false
Photograph,Def Leppard,false
Pour Some Sugar On Me,Def Leppard,false
Be Quiet and Drive (Far Away),Deftones,false
Bored,Deftones,false
Change (In the House of Flies),Deftones,false
Digital Bath,Deftones,false
Knife Prty,Deftones,false
My Own Summer (Shove It),Deftones,false
Passenger,Deftones,false
Sextape,Deftones,false
Enjoy the Silence,Depeche Mode,false
Ghosts Again,Depeche Mode,false
I Feel You,Depeche Mode,false
It's No Good,Depeche Mode,false
Just Can't Get Enough,Depeche Mode,false
Never Let Me Down Again,Depeche Mode,false
Personal Jesus,Depeche Mode,false
Policy of Truth,Depeche Mode,false
Strangelove,Depeche Mode,false
Stripped,Depeche Mode,false
Whip It,DEVO,false
Holy Diver,Dio,false
Rainbow In The Dark,Dio,false
City Of Angels,The Distillers,false
Into The Fire,Dokken,false
Break on Through (To the Other Side),The Doors,false
Light My Fire,The Doors,false
Riders on the Storm,The Doors,false
Roadhouse Blues,The Doors,false
I'm Shipping Up To Boston,Dropkick Murphys,false
Bodies,Drowning Pool,false
Tear Away,Drowning Pool,false
A View to a Kill,Duran Duran,false
Hungry Like the Wolf,Duran Duran,false
Is There Something I Should Know?,Duran Duran,false
Ordinary World,Duran Duran,false
Planet Earth,Duran Duran,false
The Wild Boys,Duran Duran,false
The Killing Moon,Echo & the Bunnymen,false
The Last Crusade - A New Age Dawns 1,Epica,false
Situations,Escape the Fate,false
The Final Countdown,Europe,false
Missionary Man,Eurythmics,false
Sweet Dreams (Are Made of This),Eurythmics,false
Bring Me To Life,Evanescence,false
Call Me When You're Sober,Evanescence,false
Going Under,Evanescence,false
Lithium,Evanescence,false
My Immortal,Evanescence,false
More Than Words,Extreme,false
Ashes to Ashes,Faith No More,false
Easy,Faith No More,false
Epic,Faith No More,false
Falling to Pieces,Faith No More,false
I Started a Joke - Digging the Grave,Faith No More,false
Last Cup of Sorrow,Faith No More,false
Midlife Crisis,Faith No More,false
Surprise! You're Dead!,Faith No More,false
We Care a Lot,Faith No More,false
"A Little Less Sixteen Candles, A Little More Touch Me",Fall Out Boy,false
"Dance, Dance",Fall Out Boy,false
"Sugar, We're Goin Down",Fall Out Boy,false
"The Take Over, The Breaks Over",Fall Out Boy,false
"This Ain't A Scene, It's An Arms Race",Fall Out Boy,false
Thnks fr th Mmrs,Fall Out Boy,false
Buck Rogers,Feeder,false
"Hey Man, Nice Shot",Filter,false
Bad Company,Five Finger Death Punch,false
Far From Home,Five Finger Death Punch,false
Under and Over It,Five Finger Death Punch,false
Go Your Own Way,Fleetwood Mac,false
The Chain,Fleetwood Mac,false
I Ran (So Far Away),A Flock Of Seagulls,false
All My Life,Foo Fighters,false
Best of You,Foo Fighters,false
Big Me,Foo Fighters,false
Breakout,Foo Fighters,false
Everlong,Foo Fighters,false
I'll Stick Around,Foo Fighters,false
Learn to Fly,Foo Fighters,false
Monkey Wrench,Foo Fighters,false
My Hero,Foo Fighters,false
The Pretender,Foo Fighters,false
This Is a Call,Foo Fighters,false
Times Like These,Foo Fighters,false
Cold as Ice,Foreigner,false
I Want to Know What Love Is,Foreigner,false
Juke Box Hero,Foreigner,false
Urgent,Foreigner,false
Far From Over,Frank Stallone,false
Hemorrhage (In My Hands),Fuel,false
Waiting Room,Fugazi,false
I Think I'm Paranoid,Garbage,false
Only Happy When It Rains,Garbage,false
Push It,Garbage,false
Queer,Garbage,false
Stupid Girl,Garbage,false
Out In The Fields,Gary Moore & Phil Lynott,false
Are 'Friends' Electric?,Gary Numan,false
Cars,Gary Numan,false
Bad To The Bone,George Thorogood & The Destroyers,false
Call Me Little Sunshine,Ghost,false
Cirice,Ghost,false
Dance Macabre,Ghost,false
Faith,Ghost,false
From The Pinnacle To The Pit,Ghost,false
He Is,Ghost,false
Hunter’s Moon,Ghost,false
Kiss The Go-Goat,Ghost,false
Life Eternal,Ghost,false
Mary On A Cross,Ghost,false
Pro Memoria,Ghost,false
Rats,Ghost,false
Square Hammer,Ghost,false
Watcher In The Sky,Ghost,false
Year Zero,Ghost,false
Silvera,Gojira,false
Stranded,Gojira,false
99 Red Balloons,Goldfinger,false
Lifestyles of the Rich & Famous,Good Charlotte,false
21 Guns,Green Day,false
American Idiot,Green Day,false
Basket Case,Green Day,false
Boulevard of Broken Dreams,Green Day,false
Brain Stew,Green Day,false
Good Riddance (Time of Your Life),Green Day,false
Hitchin' a Ride,Green Day,false
Holiday,Green Day,false
Longview,Green Day,false
Welcome to Paradise,Green Day,false
When I Come Around,Green Day,false
Don't Cry,Guns N' Roses,false
It's So Easy,Guns N' Roses,false
Mr. Brownstone,Guns N' Roses,false
Nightrain,Guns N' Roses,false
Paradise City,Guns N' Roses,false
Sweet Child O' Mine,Guns N' Roses,false
Welcome To The Jungle,Guns N' Roses,false
You Could Be Mine,Guns N' Roses,false
Familiar Taste of Poison,Halestorm,false
Here's to Us,Halestorm,false
I Get Off,Halestorm,false
I Miss the Misery,Halestorm,false
Love Bites (So Do I),Halestorm,false
Beating Heart Baby,Head Automatica,false
Alone,Heart,false
Barracuda,Heart,false
Unsung,Helmet,false
Join Me In Death,HIM,false
Solitary Man,HIM,false
Wicked Game,HIM,false
Wings of a Butterfly,HIM,false
Painted On My Heart,The Hit Co.,false
Main Offender,The Hives,false
Celebrity Skin,Hole,false
Doll Parts,Hole,false
Malibu,Hole,false
Violet,Hole,false
Crawling In The Dark,Hoobastank,false
The Reason,Hoobastank,false
Hit Me With Your Rhythm Stick,Ian Dury & The Blockheads,false
Never Fight A Man With A Perm,IDLES,false
The Passenger,Iggy Pop,false
Radioactive,Imagine Dragons,false
Drive,Incubus,false
The Warmth,Incubus,false
Wish You Were Here,Incubus,false
Devil Inside,INXS,false
Mystify,INXS,false
Need You Tonight,INXS,false
Never Tear Us Apart,INXS,false
Suicide Blonde,INXS,false
Aces High,Iron Maiden,false
Bring Your Daughter... to the Slaughter,Iron Maiden,false
Can I Play with Madness,Iron Maiden,false
Run to the Hills,Iron Maiden,false
The Evil That Men Do,Iron Maiden,false
The Trooper,Iron Maiden,false
The Wicker Man,Iron Maiden,false
Wasted Years,Iron Maiden,false
Wrathchild,Iron Maiden,false
Been Caught Stealing,Jane's Addiction,false
Mountain Song,Jane's Addiction,false
Stop!,Jane's Addiction,false
Piece of My Heart,Janis Joplin,false
Forget Her,Jeff Buckley,false
"Lover, You Should've Come Over",Jeff Buckley,false
Somebody to Love,Jefferson Airplane,false
White Rabbit,Jefferson Airplane,false
Are You Gonna Be My Girl,Jet,false
All Along the Watchtower,Jimi Hendrix,false
Crosstown Traffic,Jimi Hendrix,false
Fire,Jimi Hendrix,false
Foxey Lady,Jimi Hendrix,false
Hey Joe,Jimi Hendrix,false
Purple Haze,Jimi Hendrix,false
A Praise Chorus,Jimmy Eat World,false
Pain,Jimmy Eat World,false
Sweetness,Jimmy Eat World,false
The Middle,Jimmy Eat World,false
Bad Reputation,Joan Jett & the Blackhearts,false
Crimson and Clover,Joan Jett & the Blackhearts,false
I Hate Myself for Loving You,Joan Jett & the Blackhearts,false
I Love Rock 'N Roll,Joan Jett & the Blackhearts,false
Summer in the City,Joe Cocker,false
Blaze Of Glory,Jon Bon Jovi,false
Any Way You Want It,Journey,false
Don't Stop Believin',Journey,false
Separate Ways (Worlds Apart),Journey,false
Disorder,Joy Division,false
Love Will Tear Us Apart,Joy Division,false
She's Lost Control,Joy Division,false
Transmission,Joy Division,false
Breaking the Law,Judas Priest,false
Living After Midnight,Judas Priest,false
Turbo Lover,Judas Priest,false
You've Got Another Thing Coming,Judas Priest,false
Babooshka,Kate Bush,false
Running Up That Hill (A Deal With God),Kate Bush,false
Nightcall,Kavinsky,false
My Curse,Killswitch Engage,false
My Last Serenade,Killswitch Engage,false
The End of Heartache,Killswitch Engage,false
When Darkness Falls,Killswitch Engage,false
Closer,Kings of Leon,false
Sex on Fire,Kings of Leon,false
All Day and All of the Night,The Kinks,false
Lola,The Kinks,false
You Really Got Me,The Kinks,false
Crazy Crazy Nights,KISS,false
Detroit Rock City,KISS,false
God Gave Rock 'N' Roll To You II,KISS,false
I Was Made For Lovin' You,KISS,false
Lick It Up,KISS,false
Love Gun,KISS,false
Rock And Roll All Nite,KISS,false
Strutter,KISS,false
Blind,Korn,false
Coming Undone,Korn,false
Falling Away from Me,Korn,false
Freak On a Leash,Korn,false
Got the Life,Korn,false
Here To Stay,Korn,false
Twisted Transistor,Korn,false
Word Up!,Korn,false
Y'all Want a Single,Korn,false
Pretend We're Dead,L7,false
Shitlist,L7,false
Heaven's a Lie,Lacuna Coil,false
Our Truth,Lacuna Coil,false
Swamped,Lacuna Coil,false
Laid to Rest,Lamb of God,false
Now You've Got Something to Die For,Lamb of God,false
Omerta,Lamb of God,false
Redneck,Lamb of God,false
Immigrant Song,Led Zeppelin,false
Rock and Roll,Led Zeppelin,false
Whole Lotta Love,Led Zeppelin,false
Steal My Sunshine,LEN,false
Always On The Run,Lenny Kravitz,false
American Woman,Lenny Kravitz,false
Are You Gonna Go My Way,Lenny Kravitz,false
All My Best Friends Are Metalheads,Less Than Jake,false
Break Stuff,Limp Bizkit,false
Eat You Alive,Limp Bizkit,false
Faith,Limp Bizkit,false
My Generation,Limp Bizkit,false
My Way,Limp Bizkit,false
Nookie,Limp Bizkit,false
Rollin' (Air Raid Vehicle),Limp Bizkit,false
Take A Look Around,Limp Bizkit,false
Bleed It Out,Linkin Park,false
Breaking the Habit,Linkin Park,false
Crawling,Linkin Park,false
Faint,Linkin Park,false
Given Up,Linkin Park,false
Heavy Is the Crown,Linkin Park,false
In the End,Linkin Park,false
Numb,Linkin Park,false
One Step Closer,Linkin Park,false
Papercut,Linkin Park,false
Points of Authority,Linkin Park,false
Somewhere I Belong,Linkin Park,false
The Emptiness Machine,Linkin Park,false
What I've Done,Linkin Park,false
With You,Linkin Park,false
My Own Worst Enemy,Lit,false
Cult of Personality,Living Colour,false
Free Bird,Lynyrd Skynyrd,false
Gimme Three Steps,Lynyrd Skynyrd,false
Sweet Home Alabama,Lynyrd Skynyrd,false
Davidian,Machine Head,false
Baggy Trousers,Madness,false
One Step Beyond,Madness,false
Warriors of the World United,Manowar,false
Sex & Candy,Marcy Playground,false
I Don't Like The Drugs (But The Drugs Like Me),Marilyn Manson,false
mOBSCENE,Marilyn Manson,false
Rock Is Dead,Marilyn Manson,false
The Beautiful People,Marilyn Manson,false
The Dope Show,Marilyn Manson,false
This Is The New Shit,Marilyn Manson,false
Tourniquet,Marilyn Manson,false
The Widow,The Mars Volta,false
Blood and Thunder,Mastodon,false
I'd Do Anything For Love (But I Won't Do That),Meat Loaf,false
Paradise By the Dashboard Light,Meat Loaf,false
Dead Ringer for Love (with Cher),"Meat Loaf,Cher",false
A Tout Le Monde,Megadeth,false
Angry Again,Megadeth,false
Hangar 18,Megadeth,false
Holy Wars...The Punishment Due,Megadeth,false
No More Mr. Nice Guy,Megadeth,false
Peace Sells,Megadeth,false
Reckoning Day,Megadeth,false
Symphony Of Destruction,Megadeth,false
Tornado Of Souls,Megadeth,false
Battery,Metallica,false
Enter Sandman,Metallica,false
For Whom The Bell Tolls,Metallica,false
Fuel,Metallica,false
I Disappear,Metallica,false
No Leaf Clover,Metallica,false
Nothing Else Matters,Metallica,false
Sad But True,Metallica,false
So What,Metallica,false
The Memory Remains,Metallica,false
Until It Sleeps,Metallica,false
Jesus Built My Hotrod,Ministry,false
N.W.O.,Ministry,false
What About Us?,Ministry,false
"Die, Die My Darling",Misfits,false
Dig Up Her Bones,Misfits,false
Helena,Misfits,false
Hybrid Moments,Misfits,false
Last Caress,Misfits,false
Saturday Night,Misfits,false
Astro Zombies,"Misfits,Glenn Danzig",false
Skulls,"Misfits,Glenn Danzig",false
Where Eagles Dare,"Misfits,Glenn Danzig",false
Suedehead,Morrissey,false
You Have Killed Me,Morrissey,false
Another Life,Motionless In White,false
"Girls, Girls, Girls",Mötley Crüe,false
Home Sweet Home,Mötley Crüe,false
Kickstart My Heart,Mötley Crüe,false
Live Wire,Mötley Crüe,false
Looks That Kill,Mötley Crüe,false
Same Ol' Situation (S.O.S.),Mötley Crüe,false
Shout at the Devil,Mötley Crüe,false
Smokin' In The Boys Room,Mötley Crüe,false
Too Young to Fall in Love,Mötley Crüe,false
Ace of Spades,Motörhead,false
Killed by Death,Motörhead,false
Overkill,Motörhead,false
The Game,Motörhead,false
Pink Cigarette,Mr. Bungle,false
Dig,Mudvayne,false
Happy?,Mudvayne,false
Not Falling,Mudvayne,false
Feeling Good,Muse,false
Hysteria,Muse,false
New Born,Muse,false
Plug in Baby,Muse,false
Stockholm Syndrome,Muse,false
Sunburn,Muse,false
Supermassive Black Hole,Muse,false
Time is Running Out,Muse,false
Undisclosed Desires,Muse,false
Uprising,Muse,false
Dead!,My Chemical Romance,false
Helena,My Chemical Romance,false
House of Wolves,My Chemical Romance,false
I Don't Love You,My Chemical Romance,false
I'm Not Okay (I Promise),My Chemical Romance,false
Na Na Na (Na Na Na Na Na Na Na Na Na),My Chemical Romance,false
Teenagers,My Chemical Romance,false
Thank You for the Venom,My Chemical Romance,false
The Ghost of You,My Chemical Romance,false
Welcome to the Black Parade,My Chemical Romance,false
You Know What They Do to Guys Like Us in Prison,My Chemical Romance,false
Bizarre Love Triangle,New Order,false
Blue Monday,New Order,false
True Faith,New Order,false
How You Remind Me,Nickelback,false
Photograph,Nickelback,false
Rockstar,Nickelback,false
Nemo,Nightwish,false
Sleeping Sun,Nightwish,false
The Phantom Of The Opera,Nightwish,false
Wish I Had an Angel,Nightwish,false
Closer,Nine Inch Nails,false
Dead Souls,Nine Inch Nails,false
Every Day Is Exactly The Same,Nine Inch Nails,false
Head Like A Hole,Nine Inch Nails,false
March Of The Pigs,Nine Inch Nails,false
Only,Nine Inch Nails,false
Sin,Nine Inch Nails,false
Terrible Lie,Nine Inch Nails,false
The Hand That Feeds,Nine Inch Nails,false
The Perfect Drug,Nine Inch Nails,false
Wish,Nine Inch Nails,false
All Apologies,Nirvana,false
Breed,Nirvana,false
Come As You Are,Nirvana,false
Drain You,Nirvana,false
Dumb,Nirvana,false
Heart-Shaped Box,Nirvana,false
In Bloom,Nirvana,false
Lithium,Nirvana,false
Lounge Act,Nirvana,false
Love Buzz,Nirvana,false
Negative Creep,Nirvana,false
On A Plain,Nirvana,false
Rape Me,Nirvana,false
Sliver,Nirvana,false
Smells Like Teen Spirit,Nirvana,false
Territorial Pissings,Nirvana,false
You Know You're Right,Nirvana,false
Don't Speak,No Doubt,false
Hella Good,No Doubt,false
Just A Girl,No Doubt,false
Spiderwebs,No Doubt,false
Linoleum,NOFX,false
Come Out and Play,The Offspring,false
Pretty Fly (For A White Guy),The Offspring,false
Self Esteem,The Offspring,false
The Kids Aren't Alright,The Offspring,false
Want You Bad,The Offspring,false
Why Don't You Get A Job,The Offspring,false
Dead Man's Party,Oingo Boingo,false
No One Lives Forever,Oingo Boingo,false
Crazy Train,Ozzy Osbourne,false
I Don't Know,Ozzy Osbourne,false
"Mama, I'm Coming Home",Ozzy Osbourne,false
No More Tears,Ozzy Osbourne,false
Shot in the Dark,Ozzy Osbourne,false
Alive,P.O.D.,false
Youth of the Nation,P.O.D.,false
High Hopes,Panic! At The Disco,false
House of Memories,Panic! At The Disco,false
I Write Sins Not Tragedies,Panic! At The Disco,false
5 Minutes Alone,Pantera,false
Cowboys from Hell,Pantera,false
Domination,Pantera,false
Fucking Hostile,Pantera,false
Hollow,Pantera,false
I'm Broken,Pantera,false
Mouth for War,Pantera,false
This Love,Pantera,false
Walk,Pantera,false
Between Angels And Insects,Papa Roach,false
Last Resort,Papa Roach,false
Scars,Papa Roach,false
All I Wanted,Paramore,false
Brick by Boring Brick,Paramore,false
crushcrushcrush,Paramore,false
Decode,Paramore,false
Ignorance,Paramore,false
Misery Business,Paramore,false
Still into You,Paramore,false
That's What You Get,Paramore,false
The Only Exception,Paramore,false
Alive,Pearl Jam,false
Better Man,Pearl Jam,false
Even Flow,Pearl Jam,false
Jeremy,Pearl Jam,false
Judith,A Perfect Circle,false
Passive,A Perfect Circle,false
Pet,A Perfect Circle,false
The Outsider,A Perfect Circle,false
Digging In The Dirt,Peter Gabriel,false
Shock The Monkey,Peter Gabriel,false
Cuts You Up,Peter Murphy,false
Another Brick In The Wall (Part 2),Pink Floyd,false
Wish You Were Here,Pink Floyd,false
Debaser,Pixies,false
Gigantic,Pixies,false
Here Comes Your Man,Pixies,false
Hey,Pixies,false
Monkey Gone to Heaven,Pixies,false
Wave Of Mutilation,Pixies,false
Where Is My Mind?,Pixies,false
Down By The Water,PJ Harvey,false
Every You Every Me,Placebo,false
Nancy Boy,Placebo,false
Pure Morning,Placebo,false
Running Up That Hill,Placebo,false
The Bitter End,Placebo,false
Meds,"Placebo,Alison Mosshart",false
Every Rose Has Its Thorn,Poison,false
Nothin' But A Good Time,Poison,false
Talk Dirty To Me,Poison,false
Unskinny Bop,Poison,false
Your Mama Don't Dance,Poison,false
Can't Stand Losing You,The Police,false
Message In A Bottle,The Police,false
Glory Box,Portishead,false
Sour Times,Portishead,false
Lump,The Presidents Of The United States Of America,false
Peaches,The Presidents Of The United States Of America,false
Heaven Knows,The Pretty Reckless,false
Make Me Wanna Die,The Pretty Reckless,false
My Medicine,The Pretty Reckless,false
Take Me Down,The Pretty Reckless,false
Jerry Was A Race Car Driver,Primus,false
John The Fisherman,Primus,false
Tommy The Cat,Primus,false
Wynona's Big Brown Beaver,Primus,false
Blurry,Puddle Of Mudd,false
Control,Puddle Of Mudd,false
She Hates Me,Puddle Of Mudd,false
Another One Bites The Dust,Queen,false
Bohemian Rhapsody,Queen,false
Breakthru,Queen,false
Crazy Little Thing Called Love,Queen,false
Don't Stop Me Now,Queen,false
Fat Bottomed Girls,Queen,false
Flash,Queen,false
Hammer To Fall,Queen,false
I Want To Break Free,Queen,false
It'S A Kind Of Magic (Highlander),Queen,false
Killer Queen,Queen,false
One Vision,Queen,false
Somebody To Love,Queen,false
Stone Cold Crazy,Queen,false
The Show Must Go On,Queen,false
Too Much Love Will Kill You,Queen,false
We Are The Champions,Queen,false
We Will Rock You,Queen,false
Who Wants To Live Forever,Queen,false
You're My Best Friend,Queen,false
Under Pressure,"Queen,David Bowie",false
3's & 7's,Queens of the Stone Age,false
Go With The Flow,Queens of the Stone Age,false
I Sat by the Ocean,Queens of the Stone Age,false
Little Sister,Queens of the Stone Age,false
Make It Wit Chu,Queens of the Stone Age,false
No One Knows,Queens of the Stone Age,false
The Lost Art Of Keeping A Secret,Queens of the Stone Age,false
The Way You Used To Do,Queens of the Stone Age,false
"You Think I Ain't Worth A Dollar, But I Feel Like A Millionaire",Queens of the Stone Age,false
Breaking The Silence,Queensrÿche,false
Cum on Feel the Noize,Quiet Riot,false
Metal Health (Bang Your Head),Quiet Riot,false
It's The End Of The World As We Know It (And I Feel Fine),R.E.M.,false
Losing My Religion,R.E.M.,false
Man On The Moon,R.E.M.,false
Orange Crush,R.E.M.,false
The One I Love,R.E.M.,false
"What’s The Frequency, Kenneth?",R.E.M.,false
Burn the Witch,Radiohead,false
Creep,Radiohead,false
High and Dry,Radiohead,false
Just,Radiohead,false
Karma Police,Radiohead,false
My Iron Lung,Radiohead,false
Street Spirit (Fade Out),Radiohead,false
Renegades Of Funk,Rage Against The Machine,false
Since You Been Gone,Rainbow,false
Amerika,Rammstein,false
Angst,Rammstein,false
Benzin,Rammstein,false
Deutschland,Rammstein,false
Dicke Titten,Rammstein,false
Du hast,Rammstein,false
Du riechst so gut,Rammstein,false
Engel,Rammstein,false
Feuer frei!,Rammstein,false
Ich will,Rammstein,false
Keine Lust,Rammstein,false
Mein Teil,Rammstein,false
Ohne dich,Rammstein,false
Pussy,Rammstein,false
Sonne,Rammstein,false
"Baby, I Love You",Ramones,false
Blitzkrieg Bop,Ramones,false
I Wanna Be Sedated,Ramones,false
Pet Sematary,Ramones,false
Sheena Is a Punk Rocker,Ramones,false
Roots Radical,Rancid,false
Ruby Soho,Rancid,false
Time Bomb,Rancid,false
In the Shadows,The Rasmus,false
Round and Round,Ratt,false
Aeroplane,Red Hot Chili Peppers,false
Around the World,Red Hot Chili Peppers,false
Breaking the Girl,Red Hot Chili Peppers,false
Californication,Red Hot Chili Peppers,false
Can't Stop,Red Hot Chili Peppers,false
Dani California,Red Hot Chili Peppers,false
Fortune Faded,Red Hot Chili Peppers,false
Give It Away,Red Hot Chili Peppers,false
Otherside,Red Hot Chili Peppers,false
Scar Tissue,Red Hot Chili Peppers,false
Soul to Squeeze,Red Hot Chili Peppers,false
Suck My Kiss,Red Hot Chili Peppers,false
Under the Bridge,Red Hot Chili Peppers,false
Savior,Rise Against,false
Swing Life Away,Rise Against,false
Dragula,Rob Zombie,false
Living Dead Girl,Rob Zombie,false
Superbeast,Rob Zombie,false
(I Can't Get No) Satisfaction,The Rolling Stones,false
Brown Sugar,The Rolling Stones,false
Gimme Shelter,The Rolling Stones,false
Jumpin' Jack Flash,The Rolling Stones,false
Love Is Strong,The Rolling Stones,false
"Paint It, Black",The Rolling Stones,false
Start Me Up,The Rolling Stones,false
Sympathy For The Devil,The Rolling Stones,false
Under My Thumb,The Rolling Stones,false
Walk This Way (feat. Aerosmith),"Run–D.M.C.,Aerosmith",false
Cherry Bomb,The Runaways,false
Limelight,Rush,false
Tom Sawyer,Rush,false
Hurricane,Scorpions,false
Wind Of Change,Scorpions,false
Refuse / Resist,Sepultura,false
Roots Bloody Roots,Sepultura,false
Empty Walls,Serj Tankian,false
Stay,Shakespears Sister,false
Hurry Up Harry,Sham 69,false
Tear You Apart,She Wants Revenge,false
These Things,She Wants Revenge,false
A Symptom Of Being Human,Shinedown,false
Cities In Dust,Siouxsie and the Banshees,false
Face To Face,Siouxsie and the Banshees,false
Happy House,Siouxsie and the Banshees,false
Peek-A-Boo,Siouxsie and the Banshees,false
Spellbound,Siouxsie and the Banshees,false
18 and Life,Skid Row,false
Youth Gone Wild,Skid Row,false
Brazen (Weep),Skunk Anansie,false
Hedonism (Just Because You Feel Good),Skunk Anansie,false
Twisted (Everyday Hurts),Skunk Anansie,false
Weak,Skunk Anansie,false
Angel Of Death,Slayer,false
Dead Skin Mask,Slayer,false
Raining Blood,Slayer,false
South Of Heaven,Slayer,false
War Ensemble,Slayer,false
Alkaline,Sleep Token,false
Blood Sport,Sleep Token,false
Chokehold,Sleep Token,false
Rain,Sleep Token,false
The Offering,Sleep Token,false
The Summoning,Sleep Token,false
(sic),Slipknot,false
Before I Forget,Slipknot,false
Duality,Slipknot,false
People = Shit,Slipknot,false
Psychosocial,Slipknot,false
Snuff,Slipknot,false
Spit It Out,Slipknot,false
The Heretic Anthem,Slipknot,false
Unsainted,Slipknot,false
"Vermilion, Pt. 2",Slipknot,false
Wait and Bleed,Slipknot,false
1979,The Smashing Pumpkins,false
Ava Adore,The Smashing Pumpkins,false
Bullet With Butterfly Wings,The Smashing Pumpkins,false
Disarm,The Smashing Pumpkins,false
Perfect,The Smashing Pumpkins,false
The Beginning Is The End Is The Beginning,The Smashing Pumpkins,false
Today,The Smashing Pumpkins,false
"Tonight, Tonight",The Smashing Pumpkins,false
Zero,The Smashing Pumpkins,false
Ask,The Smiths,false
Bigmouth Strikes Again,The Smiths,false
Girlfriend in a Coma,The Smiths,false
Heaven Knows I'm Miserable Now,The Smiths,false
How Soon Is Now?,The Smiths,false
I Started Something I Couldn't Finish,The Smiths,false
Panic,The Smiths,false
Sheila Take a Bow,The Smiths,false
Stop Me If You Think You've Heard This One Before,The Smiths,false
This Charming Man,The Smiths,false
Unhappy Birthday,The Smiths,false
What Difference Does It Make?,The Smiths,false
Sex Dwarf,Soft Cell,false
Tainted Love,Soft Cell,false
Halo,Soil,false
Black Hole Sun,Soundgarden,false
Burden In My Hand,Soundgarden,false
Fell On Black Days,Soundgarden,false
Outshined,Soundgarden,false
Pretty Noose,Soundgarden,false
Rusty Cage,Soundgarden,false
Spoonman,Soundgarden,false
A Message to You Rudy,The Specials,false
Circle With Me,Spiritbox,false
It's Been Awhile,Staind,false
Outside,Staind,false
We Built This City,Starship,false
Push It,Static-X,false
Edge of Seventeen,Stevie Nicks,false
Dead & Bloated,Stone Temple Pilots,false
Interstate Love Song,Stone Temple Pilots,false
Plush,Stone Temple Pilots,false
Sex Type Thing,Stone Temple Pilots,false
Vasoline,Stone Temple Pilots,false
I Wanna Be Your Dog,The Stooges,false
Search and Destroy,The Stooges,false
Last Nite,The Strokes,false
Santeria,Sublime,false
What I Got,Sublime,false
Institutionalized,Suicidal Tendencies,false
You Can't Bring Me Down,Suicidal Tendencies,false
Fat Lip,Sum 41,false
In Too Deep,Sum 41,false
Burning Heart,Survivor,false
Eye of the Tiger,Survivor,false
Ballroom Blitz,Sweet,false
Aerials,System Of A Down,false
B.Y.O.B.,System Of A Down,false
Bounce,System Of A Down,false
Chop Suey!,System Of A Down,false
Cigaro,System Of A Down,false
Deer Dance,System Of A Down,false
Forest,System Of A Down,false
I-E-A-I-A-I-O,System Of A Down,false
Lonely Day,System Of A Down,false
Prison Song,System Of A Down,false
Question!,System Of A Down,false
Radio/Video,System Of A Down,false
Roulette,System Of A Down,false
Spiders,System Of A Down,false
Sugar,System Of A Down,false
Vicinity Of Obscenity,System Of A Down,false
Violent Pornography,System Of A Down,false
20th Century Boy,T. Rex,false
Bang A Gong (Get It On),T. Rex,false
Children of the Revolution,T. Rex,false
It's My Life,Talk Talk,false
Life's What You Make It,Talk Talk,false
Burning Down the House,Talking Heads,false
Psycho Killer,Talking Heads,false
Everybody Wants To Rule The World,Tears For Fears,false
Head Over Heels,Tears For Fears,false
Mad World,Tears For Fears,false
Pale Shelter,Tears For Fears,false
Shout,Tears For Fears,false
Fuck Her Gently,Tenacious D,false
Kickapoo,Tenacious D,false
Kielbasa,Tenacious D,false
Master Exploder,Tenacious D,false
Tribute,Tenacious D,false
Wonderboy,Tenacious D,false
Chinatown,Thin Lizzy,false
Cold Sweat,Thin Lizzy,false
Dancing In The Moonlight,Thin Lizzy,false
Don't Believe A Word,Thin Lizzy,false
Emerald,Thin Lizzy,false
The Boys Are Back In Town,Thin Lizzy,false
Waiting For An Alibi,Thin Lizzy,false
Whiskey In The Jar,Thin Lizzy,false
Semi-Charmed Life,Third Eye Blind,false
Animal I Have Become,Three Days Grace,false
I Hate Everything About You,Three Days Grace,false
I Need to Know,Tom Petty and the Heartbreakers,false
Refugee,Tom Petty and the Heartbreakers,false
Hooker With A Penis,TOOL,false
Prison Sex,TOOL,false
Stinkfist,TOOL,false
Cornflake Girl,Tori Amos,false
Africa,TOTO,false
Hold the Line,TOTO,false
In Waves,Trivium,false
Pull Harder on the Strings of Your Martyr,Trivium,false
I Wanna Rock,Twisted Sister,false
We're Not Gonna Take It,Twisted Sister,false
Black No. 1 (Little Miss Scare -All),Type O Negative,false
Christian Woman,Type O Negative,false
I Don't Wanna Be Me,Type O Negative,false
My Girlfriend's Girlfriend,Type O Negative,false
Summer Breeze,Type O Negative,false
Everything About You,Ugly Kid Joe,false
Teenage Kicks,The Undertones,false
The Bird and the Worm,The Used,false
The Taste of Ink,The Used,false
Ain't Talkin' 'Bout Love,Van Halen,false
Hot for Teacher,Van Halen,false
Jump,Van Halen,false
Panama,Van Halen,false
Runnin' with the Devil,Van Halen,false
Why Can't This Be Love,Van Halen,false
Turning Japanese - Non Stop Edit,The Vapors,false
Fall to Pieces,Velvet Revolver,false
Slither,Velvet Revolver,false
Seether,Veruca Salt,false
Sports,Viagra Boys,false
Blister In The Sun,Violent Femmes,false
Fade To Grey,Visage,false
The Devil's Bleeding Crown,Volbeat,false
Animal (Fuck Like A Beast),W.A.S.P.,false
Wild Child,W.A.S.P.,false
Check Yes Juliet,We The Kings,false
Hash Pipe,Weezer,false
Island In The Sun,Weezer,false
Chaise Longue,Wet Leg,false
Teenage Dirtbag,Wheatus,false
Fell In Love With a Girl,The White Stripes,false
My Doorbell,The White Stripes,false
Seven Nation Army,The White Stripes,false
More Human Than Human,White Zombie,false
Thunder Kiss '65,White Zombie,false
Angels,Within Temptation,false
Faster,Within Temptation,false
Memories,Within Temptation,false
Stand My Ground,Within Temptation,false
parents,YUNGBLUD,false